No.,URL,観光地名,最初の画像のURL,緯度,経度,エリア名,カテゴリー,条件,タグ,季節情報,開催期間,基本情報の備考欄,分類
9,https://niigata-kankou.or.jp/spot/11635,燕温泉「黄金の湯」「河原の湯」,https://niigata-kankou.or.jp/image/rendering/attraction_image/8802/trim.900/3/2?v=9461cb453f97b88aa9da937599111a52cbc98c20,36.90241193,138.14522929999998,妙高・上越・糸魚川エリア,"温泉地, 日帰り温泉, 温泉宿泊施設",情報なし,燕温泉,情報がありません,情報がありません,情報がありません,温泉・サウナ
19,https://niigata-kankou.or.jp/spot/11319,月岡温泉,https://niigata-kankou.or.jp/image/rendering/attraction_image/3556/trim.900/3/2?v=60b7422371bafdd801851c16b64ded7aa9036d14,37.87961724,139.3128014,村上・新発田エリア,"温泉・宿・サウナ, 温泉地",情報なし,情報なし,情報がありません,情報がありません,情報がありません,温泉・サウナ
20,https://niigata-kankou.or.jp/spot/9951,Befcoばかうけ展望室,https://niigata-kankou.or.jp/image/rendering/attraction_image/113423/trim.900/3/2?v=da540e024f6a8de0d343cbf35f09100265b07211,37.926373,139.060135,新潟・阿賀エリア,観光施設,"ユニバーサルデザイン情報有, おむつ交換場所有, 授乳室有",情報なし,情報がありません,情報がありません,情報がありません,観光施設
27,https://niigata-kankou.or.jp/spot/5609,新潟市歴史博物館みなとぴあ,https://niigata-kankou.or.jp/image/rendering/attraction_image/1505/trim.900/3/2?v=e6e29f95976aac0d8fdb576a7b55299b2134e15b,37.9298499,139.0577314,新潟・阿賀エリア,"観光施設, 美術館・博物館, 歴史・文化, 史跡・文化財",情報なし,情報なし,情報がありません,情報がありません,"「旧新潟税関庁舎」は改修工事を行う為、下記の期間見学できません。
●工事期間：2016年5月30日～2018年12月頃（予定）
※みなとぴの通常休館日のほか工事の関係で解放を制限する場合があります。",観光施設
31,https://niigata-kankou.or.jp/spot/10709,ニュー・グリーンピア津南スキー場,https://niigata-kankou.or.jp/image/rendering/attraction_image/14511/trim.900/3/2?v=7263f611873cabeb9c32230ebb5d11673d05cb8c,36.962565,138.687603,湯沢・魚沼エリア,"スキー・スノーアクティビティ, 温泉・宿・サウナ, 温泉宿泊施設","カード対応可, ユニバーサルデザイン情報有",情報なし,情報がありません,"2023年12月23日（土曜日）オープン予定_x000D_
2024年3月31日（日曜日）クローズ予定",情報がありません,スキー・スノーアクティビティ
31,https://niigata-kankou.or.jp/spot/10709,ニュー・グリーンピア津南スキー場,https://niigata-kankou.or.jp/image/rendering/attraction_image/14511/trim.900/3/2?v=7263f611873cabeb9c32230ebb5d11673d05cb8c,36.962565,138.687603,湯沢・魚沼エリア,"スキー・スノーアクティビティ, 温泉・宿・サウナ, 温泉宿泊施設","カード対応可, ユニバーサルデザイン情報有",情報なし,情報がありません,"2023年12月23日（土曜日）オープン予定_x000D_
2024年3月31日（日曜日）クローズ予定",情報がありません,温泉・サウナ
35,https://niigata-kankou.or.jp/spot/10697,Mtグランビュースキー場,https://niigata-kankou.or.jp/image/rendering/attraction_image/13613/trim.900/3/2?v=fe171aa6ee24cddd3d18e69e5a63be08194bca6f,36.999963,138.805167,湯沢・魚沼エリア,スキー・スノーアクティビティ,情報なし,情報なし,情報がありません,【2023-2024シーズン営業休止】,情報がありません,スキー・スノーアクティビティ
40,https://niigata-kankou.or.jp/spot/10063,新潟市水族館 マリンピア日本海,https://niigata-kankou.or.jp/image/rendering/attraction_image/7809/trim.900/3/2?v=5e4806a7e1d01affd7472a1cc87e798c6efe2992,37.9236326,139.02797520000001,新潟・阿賀エリア,動植物園・水族館,"ユニバーサルデザイン情報有, ベビーカー貸出有","こども, 自由研究, 夏休み",情報がありません,情報がありません,掲載している内容は2018年9月現在の情報で、生物展示など変更になる可能性があります。,動植物園・水族館
41,https://niigata-kankou.or.jp/spot/9891,三川観光きのこ園,https://niigata-kankou.or.jp/image/rendering/attraction_image/8696/trim.900/3/2?v=2575ad31a2b0371413b46c3ba5128f704f991113,37.71988,139.378867,新潟・阿賀エリア,"フルーツ・野菜収穫, 農家レストラン, 市場・産直",情報なし,"味覚狩り, きのこ狩り",情報がありません,通年,情報がありません,フルーツ・野菜収穫
43,https://niigata-kankou.or.jp/spot/44068,プライベートサウナ「ART」,https://niigata-kankou.or.jp/image/rendering/attraction_image/152377/trim.900/3/2?v=2f190b43d8c637f1e1fa56c9e26c76493f79dfd6,37.6428467,138.7671217,長岡・柏崎エリア,温泉・宿・サウナ,情報なし,情報なし,情報がありません,情報がありません,"●女性専用部屋　完全プライベート空間　着替え・サウナ室・水風呂・外気浴のすべてが「個室」で完結！_x000D_
●貸切グループ部屋　最大4名まで入れるグループルームでお友達、お仲間と一緒に完全プライベート空間でととのうを満喫！
_x000D_
●備品　ボディソープ・シャンプー・コンディショナー・ドライヤー_x000D_
●持ち物　水着（男女でご一緒にサウナ室をご利用される場合は必ず持参下さい）_x000D_
※男女でご一緒にサウナ室をご利用される場合は、着替えは別室になります。ご了承下さい",温泉・サウナ
46,https://niigata-kankou.or.jp/spot/41337,かのせ温泉 赤湯,https://niigata-kankou.or.jp/image/rendering/attraction_image/14128/trim.900/3/2?v=35426bf333486ed38d4eacc993173cfe2c06fdc7,37.708501253398936,139.46519737020782,新潟・阿賀エリア,"日帰り温泉, 温泉・宿・サウナ, 温泉地, 山・谷","夫婦, 女性, ファミリー","かのせ温泉, 赤湯, 角神, 阿賀町, 日帰り入浴, 日帰り温泉, キャンプ場, コテージ, ハイキング, 赤崎山, 角神ダム, 鹿瀬ダム, バーベキュー",情報がありません,情報がありません,"施設となりには「角神湖畔青少年旅行村」があり、キャンプ・バンガロー利用や雨でも安心なバーベキュー施設もあります。_x000D_
温泉付きのバンガローもあり、大変人気です。_x000D_
※予約は「かのせ温泉赤湯」で承ります（電話0254-92-4186）",温泉・サウナ
51,https://niigata-kankou.or.jp/spot/5714,加茂山公園,https://niigata-kankou.or.jp/image/rendering/attraction_image/1535/trim.900/3/2?v=9bcaa168b5e310e96ea198861fff0cd18011c614,37.6559098,139.05252530000007,弥彦・燕三条エリア,"公園, 動植物園・水族館, 新潟県の桜・お花見ガイド, 新潟県のユキツバキ・開花情報, 新潟県の紅葉スポット",ユニバーサルデザイン情報有,情報なし,"新潟県の桜・お花見ガイドの最新状況: 終わり
新潟県の桜・お花見ガイドのシーズン: 4月上旬～4月中旬
新潟県のユキツバキ・開花情報の最新状況: 終わり
新潟県のユキツバキ・開花情報のシーズン: 4月上旬～4月中旬
新潟県の紅葉スポットの最新状況: 見頃
新潟県の紅葉スポットのシーズン: 10月下旬～11月中旬",情報がありません,情報がありません,動植物園・水族館
55,https://niigata-kankou.or.jp/spot/7109,カーブドッチワイナリー,https://niigata-kankou.or.jp/image/rendering/attraction_image/14095/trim.900/3/2?v=489b1b290debe0ea6bda64d74c463c9d0e3e6ca4,37.803036,138.846653,新潟・阿賀エリア,"ガストロノミー, 酒蔵見学",情報なし,情報なし,情報がありません,情報がありません,情報がありません,酒蔵見学
56,https://niigata-kankou.or.jp/spot/11333,白根温泉・関根旅館,https://niigata-kankou.or.jp/image/rendering/attraction_image/44064/trim.900/3/2?v=64432d5fa6082e029b6fbcfa9c8cc4cf4c5c3d07,37.788938,139.035381,新潟・阿賀エリア,"温泉地, 日帰り温泉, 温泉宿泊施設",情報なし,白根温泉,情報がありません,情報がありません,情報がありません,温泉・サウナ
61,https://niigata-kankou.or.jp/spot/10717,奥只見丸山スキー場,https://niigata-kankou.or.jp/image/rendering/attraction_image/37142/trim.900/3/2?v=d80e8a832652069bf2b4e0cfd61a71b7f085ff08,37.16000089,139.2393272,湯沢・魚沼エリア,スキー・スノーアクティビティ,情報なし,"スキー場, 春スキー, GWもスキーを楽しむ",情報がありません,"2023年11月25日（土曜日）オープン予定_x000D_
2024年1月3日（水曜日）クローズ予定_x000D_
【春スキーシーズン】_x000D_
2024年3月23日（土曜日）オープン予定_x000D_
2024年5月6日（月曜日）クローズ予定",情報がありません,スキー・スノーアクティビティ
70,https://niigata-kankou.or.jp/spot/5678,佐藤りんご園,https://niigata-kankou.or.jp/image/rendering/attraction_image/8625/trim.900/3/2?v=e5e4b744a4ef948423ab48a5fefe40ed75a83211,37.6946591,139.1978797,新潟・阿賀エリア,フルーツ・野菜収穫,"夫婦, 女性, ファミリー","味覚狩り, りんご狩り",情報がありません,2023年10月上旬～11月下旬,情報がありません,フルーツ・野菜収穫
72,https://niigata-kankou.or.jp/spot/10682,かぐらスキー場（かぐら・みつまたエリア）,https://niigata-kankou.or.jp/image/rendering/attraction_image/7778/trim.900/3/2?v=a2dea49a7259a60bc2c3ee84fcd63c2a07c17cca,36.8929173,138.7755863,湯沢・魚沼エリア,スキー・スノーアクティビティ,"カード対応可, ファミリー",情報なし,情報がありません,"2023年11月23日（木曜日） オープン予定_x000D_
2024年5月19日（日曜日）クローズ予定",情報がありません,スキー・スノーアクティビティ
82,https://niigata-kankou.or.jp/spot/10725,冬鳥越スキーガーデン,https://niigata-kankou.or.jp/image/rendering/attraction_image/131862/trim.900/3/2?v=937f67063a389449cca24e095ab99d52162dc464,37.64093754,139.1181856,弥彦・燕三条エリア,スキー・スノーアクティビティ,情報なし,情報なし,情報がありません,"2023年12月下旬オープン予定_x000D_
2024年3月中旬クローズ予定",情報がありません,スキー・スノーアクティビティ
85,https://niigata-kankou.or.jp/spot/13729,魚沼の里,https://niigata-kankou.or.jp/image/rendering/attraction_image/3880/trim.900/3/2?v=3b133d45d0a9962a7cd4c048d16aa8152dae7179,37.10857306,138.9321506,湯沢・魚沼エリア,"地酒・地ビール・ワイン,体験,ショッピング,庭園,自然体験,新潟県の菜の花,花・木,食,ご当地グルメ・郷土料理,スイーツ,農家レストラン,歴史・文化,神社仏閣,酒蔵見学,自然・景観,おみやげ","カード対応可, ユニバーサルデザイン情報有, おむつ交換場所有",情報なし,情報がありません,情報がありません,情報がありません,酒蔵見学
86,https://niigata-kankou.or.jp/spot/8914,佐渡西三川ゴールドパーク,https://niigata-kankou.or.jp/image/rendering/attraction_image/123327/trim.900/3/2?v=035d580958c3a4634303c8d454b6062bc25f1c08,37.8980307,138.29598940000005,佐渡エリア,"体験,おみやげ,観光施設,歴史・文化,史跡・文化財",情報なし,情報なし,情報がありません,情報がありません,情報がありません,観光施設
91,https://niigata-kankou.or.jp/spot/7001,道の駅 「豊栄」（国道7号線）,https://niigata-kankou.or.jp/image/rendering/attraction_image/1821/trim.900/3/2?v=904f60ddf34dfa7105f5798709841d520d1d881c,37.959222,139.223471,新潟・阿賀エリア,"道の駅, 動植物園・水族館, おみやげ",ユニバーサルデザイン情報有,情報なし,情報がありません,情報がありません,"●情報ターミナル_x000D_
無線LAN接続、無料提供あり。",動植物園・水族館
96,https://niigata-kankou.or.jp/spot/10708,胎内スキー場,https://niigata-kankou.or.jp/image/rendering/attraction_image/3355/trim.900/3/2?v=dead1b0cd39e306a9de3415339a1f9a9c1ce5787,38.01671,139.50232,村上・新発田エリア,スキー・スノーアクティビティ,情報なし,情報なし,情報がありません,"2023年12月23日（土曜日） オープン予定_x000D_
2024年3月10日（日曜日）クローズ予定","※先般の大雪の影響によりゲレンデ内にて_x000D_
倒木やその恐れがある箇所が多くあるため、順次、障害物撤去復旧作業を行ってますが安全管理上コースを限定しての営業となります。ご了承願います。

_x000D_
----------------------------------------------------------------------------------------

_x000D_
日東道中条ICから車で25分で行けるアクセス良好なスキー場。_x000D_
毎週日曜は小学生以下のリフト料金が無料に。_x000D_
県下最大級のスノーエスカレーターを備えた子ども連れにおすすめのスポット。",スキー・スノーアクティビティ
105,https://niigata-kankou.or.jp/spot/10680,苗場スキー場,https://niigata-kankou.or.jp/image/rendering/attraction_image/128503/trim.900/3/2?v=c22320bb085ff002142afeac4d5e341d9446d6a1,36.79212000881641,138.7780579989502,湯沢・魚沼エリア,スキー・スノーアクティビティ,"夫婦, 女性, ファミリー, 授乳室有",情報なし,情報がありません,"2023年12月16日（土曜日） オープン予定_x000D_
2024年4月7日（日曜日）クローズ予定",情報がありません,スキー・スノーアクティビティ
106,https://niigata-kankou.or.jp/spot/41893,長岡市トキと自然の学習館　トキみ～て,https://niigata-kankou.or.jp/image/rendering/attraction_image/151520/trim.900/3/2?v=d00f2c83ace12fa70254b2163ae03a38820f68fa,37.60858148504333,138.77244055344238,長岡・柏崎エリア,観光施設,情報なし,情報なし,情報がありません,情報がありません,情報がありません,観光施設
107,https://niigata-kankou.or.jp/spot/8481,上越市立水族博物館 うみがたり,https://niigata-kankou.or.jp/image/rendering/attraction_image/137522/trim.900/3/2?v=f4b7c0e90fc74f9a4449f33e4de03ff700cde815,37.17354166196929,138.23298240740974,妙高・上越・糸魚川エリア,動植物園・水族館,情報なし,情報なし,情報がありません,情報がありません,情報がありません,動植物園・水族館
114,https://niigata-kankou.or.jp/spot/10707,なかさと清津スキー場,https://niigata-kankou.or.jp/image/rendering/attraction_image/162029/trim.900/3/2?v=7d73b15493d67cdd736f3378654b210e71eb8564,37.0243445,138.7276784,湯沢・魚沼エリア,スキー・スノーアクティビティ,情報なし,情報なし,情報がありません,【2023-2024シーズン営業休止】,"●設備　_x000D_
　レストラン、売店、レンタル、更衣室（パウダールーム、シャワー完備）、コインロッカー、トイレ_x000D_
 ●コース_x000D_
  清津ブナ平コース(初級～中級)、清津白樺コース(中級～上級)、_x000D_
  清津から松コース(中級～上級)、アドベンチャーコース_x000D_
 ●コースプロフィール_x000D_
　最長滑走距離　1,800ｍ_x000D_
　最大斜度　　　24度_x000D_
　標高差　　　　272ｍ",スキー・スノーアクティビティ
115,https://niigata-kankou.or.jp/spot/10699,シャトー塩沢スキー場,https://niigata-kankou.or.jp/image/rendering/attraction_image/40359/trim.900/3/2?v=ab464c894db87c1dfc445914925444a60821040c,37.048179,138.829041,湯沢・魚沼エリア,スキー・スノーアクティビティ,託児所有,情報なし,情報がありません,"2023年12月26日（火曜日） オープン予定_x000D_
2024年3月27日（水曜日）クローズ予定",情報がありません,スキー・スノーアクティビティ
119,https://niigata-kankou.or.jp/spot/10200,山古志アルパカ牧場,https://niigata-kankou.or.jp/image/rendering/attraction_image/153509/trim.900/3/2?v=77c6087028cf6380a4ab9e3fc437964895dee690,37.32981999328696,138.8886313164635,長岡・柏崎エリア,"動植物園・水族館, 遊ぶ",情報なし,情報なし,情報がありません,情報がありません,"※地図の位置は「油夫牧場」を表示しています。_x000D_
※簡単なお問い合わせは、山古志観光協会（0258-59-2343）でも対応可能です。",動植物園・水族館
133,https://niigata-kankou.or.jp/spot/10704,上越国際スキー場 あてまゲレンデ,https://niigata-kankou.or.jp/image/rendering/attraction_image/162013/trim.900/3/2?v=ddf66f5523c0e3a8f2667e0a57b22444dbb8a514,37.044678786559,138.76394636885,湯沢・魚沼エリア,スキー・スノーアクティビティ,情報なし,情報なし,情報がありません,"2023年12月28日（木曜日） オープン予定_x000D_
2024年3月24日（日曜日）クローズ予定","スキー場オープン期間中_x000D_
025-758-3291_x000D_
ホテルグリーンプラザ上越_x000D_
025-782-1030
_x000D_
●スキー/ボード/ブーツ/ウェアー レンタル有り",スキー・スノーアクティビティ
143,https://niigata-kankou.or.jp/spot/10702,五日町スキー場,https://niigata-kankou.or.jp/image/rendering/attraction_image/14097/trim.900/3/2?v=a757de793f8aa2593ed8233f7cfd6851a02d7c9c,37.1216545,138.8992698,湯沢・魚沼エリア,スキー・スノーアクティビティ,情報なし,情報なし,情報がありません,【2023-2024シーズン営業休止】,情報がありません,スキー・スノーアクティビティ
144,https://niigata-kankou.or.jp/spot/10692,GALA湯沢スキー場,https://niigata-kankou.or.jp/image/rendering/attraction_image/3330/trim.900/3/2?v=1f270115c32bdb0b0ba0c59fe9b73ae50253f2b5,36.95049596232775,138.7995978610404,湯沢・魚沼エリア,スキー・スノーアクティビティ,"夫婦, 女性, ファミリー, カード対応可, 託児所有, おむつ交換場所有, 授乳室有",情報なし,情報がありません,"2023年12月16日（土曜日） オープン予定_x000D_
2024年5月6日（月曜日）クローズ予定",情報がありません,スキー・スノーアクティビティ
145,https://niigata-kankou.or.jp/spot/10693,石打丸山スキー場,https://niigata-kankou.or.jp/image/rendering/attraction_image/16337/trim.900/3/2?v=d3325b438790330f31495de89a72da351d0b7c6a,36.976411,138.794532,湯沢・魚沼エリア,スキー・スノーアクティビティ,情報なし,情報なし,情報がありません,"2023年12月15日（金曜日）オープン予定_x000D_
2024年4月7日（日曜日）クローズ予定",情報がありません,スキー・スノーアクティビティ
150,https://niigata-kankou.or.jp/spot/15500,アライスノーリゾート,https://niigata-kankou.or.jp/image/rendering/attraction_image/13610/trim.900/3/2?v=76133a9c30ec2e291208675331720cd239a2ee0c,36.990878,138.181347,妙高・上越・糸魚川エリア,"スキー・スノーアクティビティ, 遊ぶ",情報なし,情報なし,情報がありません,"2023年12月15日（金曜日） オープン予定_x000D_
2024年5月12日（日曜日）クローズ予定",情報がありません,スキー・スノーアクティビティ
153,https://niigata-kankou.or.jp/spot/7022,大洋酒造（株）／「大洋盛」　常設展示場「和水蔵（なごみぐら）」,https://niigata-kankou.or.jp/image/rendering/attraction_image/1902/trim.900/3/2?v=4afe7694341610213d6c3da759694b3e028fc216,38.219655,139.476542,村上・新発田エリア,"酒蔵見学, 地酒・地ビール・ワイン",情報なし,情報なし,情報がありません,情報がありません,情報がありません,酒蔵見学
157,https://niigata-kankou.or.jp/spot/8496,妙高サンシャインランド,https://niigata-kankou.or.jp/image/rendering/attraction_image/143362/trim.900/3/2?v=bebefbac6e20d001b387d4cf2bd14bcb71697b9b,36.94895486276688,138.21181968074268,妙高・上越・糸魚川エリア,遊ぶ,情報なし,遊園地,情報がありません,情報がありません,情報がありません,観光施設
161,https://niigata-kankou.or.jp/spot/7429,宝山酒造（株）／「宝山」,https://niigata-kankou.or.jp/image/rendering/attraction_image/2267/trim.900/3/2?v=cf720f6b5b9fd60b11acaf7a0f3b8ed64a0f5a82,37.72460157,138.8388453,新潟・阿賀エリア,酒蔵見学,"夫婦, 女性",情報なし,情報がありません,通年,情報がありません,酒蔵見学
162,https://niigata-kankou.or.jp/spot/10722,三川温泉スキー場,https://niigata-kankou.or.jp/image/rendering/attraction_image/13880/trim.900/3/2?v=18298ac442774d3ac89b0dd0dd32c459a0ba64ee,37.719405,139.389811,新潟・阿賀エリア,スキー・スノーアクティビティ,託児所有,情報なし,情報がありません,"2023年12月23日（土曜日） オープン予定_x000D_
2024年3月3日（日曜日）クローズ予定",情報がありません,スキー・スノーアクティビティ
163,https://niigata-kankou.or.jp/spot/10675,妙高スキーパーク,https://niigata-kankou.or.jp/image/rendering/attraction_image/10263/trim.900/3/2?v=d05973b85c426fcd695df4ac95492f079c11f3e0,36.91246079,138.1764654,妙高・上越・糸魚川エリア,スキー・スノーアクティビティ,情報なし,情報なし,情報がありません,2022-2023シーズン営業休止,情報がありません,スキー・スノーアクティビティ
164,https://niigata-kankou.or.jp/spot/10711,キューピットバレイスキー場,https://niigata-kankou.or.jp/image/rendering/attraction_image/161065/trim.900/3/2?v=557029f06cedc3211d6779342f0c4e40230ba093,37.05501864864673,138.4845176592121,妙高・上越・糸魚川エリア,スキー・スノーアクティビティ,情報なし,情報なし,情報がありません,"2023年12月16日（土）オープン予定_x000D_
2024年3月17日（日）クローズ予定_x000D_
※2024年1月9日（火）および2024年3月11日（月）～3月15日（金）はクローズ","前売券は2023年10月1日から販売。_x000D_
「超早割」は2023年11月19日まで。「早割」は2023年12月10日まで。_x000D_
出張販売も実施。詳しくはキューピットバレイホームページへ。",スキー・スノーアクティビティ
167,https://niigata-kankou.or.jp/spot/11593,岩室温泉,https://niigata-kankou.or.jp/image/rendering/attraction_image/139778/trim.900/3/2?v=2dab14eef50b7068aeec49343c6ff1283ff0371e,37.73351292,138.8367133,新潟・阿賀エリア,温泉地,情報なし,情報なし,情報がありません,情報がありません,"●泉質：含硫黄-ナトリウム・カルシウム-塩化物泉（高張性 弱アルカリ性 高温泉）_x000D_
●主な効能：神経痛、筋肉痛、関節痛、慢性消化器病、冷え性、疲労回復、健康増進、きりきず、慢性皮膚病など",温泉・サウナ
171,https://niigata-kankou.or.jp/spot/10712,金谷山スキー場,https://niigata-kankou.or.jp/image/rendering/attraction_image/36331/trim.900/3/2?v=0596091ed81034bec002e755040d8539e0e43af6,37.103397,138.22519,妙高・上越・糸魚川エリア,スキー・スノーアクティビティ,情報なし,情報なし,情報がありません,"2024年1月中旬オープン予定_x000D_
2024年3月中旬クローズ予定",情報がありません,スキー・スノーアクティビティ
173,https://niigata-kankou.or.jp/spot/10698,上越国際スキー場,https://niigata-kankou.or.jp/image/rendering/attraction_image/7854/trim.900/3/2?v=245258e9534dce61a968df83e424b59e1c7f4fd1,37.030231,138.826246,湯沢・魚沼エリア,スキー・スノーアクティビティ,託児所有,子どもが遊べる,情報がありません,"2023年12月２日（土曜日）オープン予定_x000D_
2024年4月7日（日曜日）クローズ予定",情報がありません,スキー・スノーアクティビティ
175,https://niigata-kankou.or.jp/spot/6096,小千谷市錦鯉の里,https://niigata-kankou.or.jp/image/rendering/attraction_image/13278/trim.900/3/2?v=4c302e0256d7638c54f1b92f9a8903e3e8bb86b7,37.31118134956955,138.79529313839726,長岡・柏崎エリア,動植物園・水族館,"ユニバーサルデザイン情報有, 夫婦, 女性, ファミリー",情報なし,情報がありません,情報がありません,情報がありません,動植物園・水族館
179,https://niigata-kankou.or.jp/spot/11332,共同浴場薬師の湯,https://niigata-kankou.or.jp/image/rendering/attraction_image/22148/trim.900/3/2?v=86a64d8a4dc32c758d60e124db9ff1159913c6f8,37.80263,139.292178,新潟・阿賀エリア,"温泉・サウナ,スパ・足湯",ユニバーサルデザイン情報有,情報なし,情報がありません,情報がありません,"●泉質：単純温泉
●効能：神経痛、婦人病など

【日帰り入浴料金】
●大人：250円
●小人(小学生以下)：150円",温泉・サウナ
180,https://niigata-kankou.or.jp/spot/10721,とちおファミリースキー場,https://niigata-kankou.or.jp/image/rendering/attraction_image/153445/trim.900/3/2?v=f67fa80aec817cb71d323a6bb509a1ac9b7462ab,37.43771209,139.0394936,長岡・柏崎エリア,スキー・スノーアクティビティ,情報なし,情報なし,情報がありません,"2023年12月23日（土曜日） オープン予定_x000D_
2024年3月3日（日曜日）クローズ予定",※マスク、フェイスマスクなどを着用してご来場ください。,スキー・スノーアクティビティ
181,https://niigata-kankou.or.jp/spot/10691,湯沢高原スキー場,https://niigata-kankou.or.jp/image/rendering/attraction_image/3329/trim.900/3/2?v=3f347eaa34084aa2b34a9cb4e5e38ed703a2896e,36.94008966231302,138.8040592553441,湯沢・魚沼エリア,スキー・スノーアクティビティ,"カード対応可, 夫婦, 女性, ファミリー",情報なし,情報がありません,"2023年12月16日（土曜日） オープン予定_x000D_
2024年4月7日（日曜日）クローズ予定",情報がありません,スキー・スノーアクティビティ
184,https://niigata-kankou.or.jp/spot/8480,上越科学館,https://niigata-kankou.or.jp/image/rendering/attraction_image/146670/trim.900/3/2?v=7d446710ddd8820ad61da55a730d91a4080757da,37.153718644633166,138.2522229011887,妙高・上越・糸魚川エリア,"観光施設,体験,遊び,美術館・博物館",情報なし,情報なし,情報がありません,情報がありません,情報がありません,観光施設
185,https://niigata-kankou.or.jp/spot/5869,悠久山公園,https://niigata-kankou.or.jp/image/rendering/attraction_image/137789/trim.900/3/2?v=b04b0c75a290bf3c5d1093688a9f748c3fce87b7,37.43147606243622,138.88150604229736,長岡・柏崎エリア,"公園, 動植物園・水族館, 自然・景観, 神社仏閣, 新潟県の桜・お花見ガイド","夫婦, 女性, ファミリー","悠久山, 動物, 史料館, 蒼柴神社, 花","新潟県の桜・お花見ガイドの最新状況: 葉桜
新潟県の桜・お花見ガイドのシーズン: 4月中旬～ 5月上旬",情報がありません,"自由広場（130m×70m）_x000D_
カマド（6箇所）※無料ですが許可が必要です_x000D_
トイレ8箇所（うち身障者用3基）_x000D_
菖蒲園_x000D_
子供の遊び場（ブランコ、大型滑り台、アスレチック遊具等）_x000D_
泉翠池、瓢箪池",動植物園・水族館
192,https://niigata-kankou.or.jp/spot/11657,佐渡八幡温泉,https://niigata-kankou.or.jp/image/rendering/attraction_image/10495/trim.900/3/2?v=7c6786ec3fa86370e28f9d1adf5605e95deec7a9,37.986794,138.345358,佐渡エリア,"温泉地, 温泉宿泊施設","カード対応可, ユニバーサルデザイン情報有",情報なし,情報がありません,情報がありません,情報がありません,温泉・サウナ
193,https://niigata-kankou.or.jp/spot/10696,石打花岡スキー場,https://niigata-kankou.or.jp/image/rendering/attraction_image/13614/trim.900/3/2?v=816f1ade3fd4a762b350ba7c2ba11c13806fe037,36.990758,138.799092,湯沢・魚沼エリア,スキー・スノーアクティビティ,情報なし,情報なし,情報がありません,【2023-2024シーズン営業休止】,情報がありません,スキー・スノーアクティビティ
194,https://niigata-kankou.or.jp/spot/41480,にしかん観光周遊ぐる～んバス,https://niigata-kankou.or.jp/image/rendering/attraction_image/19530/trim.900/3/2?v=ce3d23056a20c83a58661961230c1999ca9e16ad,37.7415179,138.83930850000001,新潟・阿賀エリア,"バス, 観光施設, 温泉・宿・サウナ, 巡る, 観光バス, 産業観光, 自然体験","夫婦, 女性, ファミリー",日本海美食旅,情報がありません,"2023年4月29日（土曜・祝日）～　10月29日（日曜日）　８月も運行します。
",情報がありません,観光施設
194,https://niigata-kankou.or.jp/spot/41480,にしかん観光周遊ぐる～んバス,https://niigata-kankou.or.jp/image/rendering/attraction_image/19530/trim.900/3/2?v=ce3d23056a20c83a58661961230c1999ca9e16ad,37.7415179,138.83930850000001,新潟・阿賀エリア,"バス, 観光施設, 温泉・宿・サウナ, 巡る, 観光バス, 産業観光, 自然体験","夫婦, 女性, ファミリー",日本海美食旅,情報がありません,"2023年4月29日（土曜・祝日）～　10月29日（日曜日）　８月も運行します。
",情報がありません,温泉・サウナ
195,https://niigata-kankou.or.jp/spot/5599,今代司酒造（株）／「今代司」,https://niigata-kankou.or.jp/image/rendering/attraction_image/7802/trim.900/3/2?v=47849d02f268c618a7f19fd9f14646b4b07fe5a4,37.91588242,139.0718137,新潟・阿賀エリア,"酒蔵見学, グルメ・ガストロノミー, 地酒・地ビール・ワイン",情報なし,日本海美食旅,情報がありません,通年,情報がありません,酒蔵見学
200,https://niigata-kankou.or.jp/spot/7024,菊水酒造（株）/菊水日本酒文化研究所・菊水ショップ・菊水庭園,https://niigata-kankou.or.jp/image/rendering/attraction_image/22408/trim.900/3/2?v=b1770776578c19cbe747fdd5fc69f81d03be5f6d,37.961033,139.354212,村上・新発田エリア,"見る, 酒蔵見学, 地酒・地ビール・ワイン",情報なし,情報なし,情報がありません,情報がありません,情報がありません,酒蔵見学
202,https://niigata-kankou.or.jp/spot/31074,赤倉・池の平・杉野沢の各温泉地を結ぶバス。,https://niigata-kankou.or.jp/image/rendering/attraction_image/13689/trim.900/3/2?v=9b9741fd644e5f9e3a8fc54b6beea30d61336a11,36.89146909999999,138.17744259999995,妙高・上越・糸魚川エリア,"バス, 温泉地, 道の駅, 食べる, 観光バス",情報なし,"温泉, 食事, 買い物",情報がありません,運行期間：2020年12月26日（土）～2021年3月14日（日）の間　毎日運行,情報がありません,温泉・サウナ
204,https://niigata-kankou.or.jp/spot/10723,ニノックススノーパーク,https://niigata-kankou.or.jp/image/rendering/attraction_image/3374/trim.900/3/2?v=717903bb08cac519ec1bc40c9330528ee9fa8978,37.9264925,139.4681499,村上・新発田エリア,スキー・スノーアクティビティ,情報なし,情報なし,情報がありません,"2023年12月21日（木曜日）オープン予定_x000D_
2024年3月24日（日曜日）クローズ予定",情報がありません,スキー・スノーアクティビティ
206,https://niigata-kankou.or.jp/spot/10715,薬師スキー場,https://niigata-kankou.or.jp/image/rendering/attraction_image/3360/trim.900/3/2?v=55cddf77a78e52aed9ff78f0e7ca60b77e095c2a,37.23329862,138.9935262,湯沢・魚沼エリア,スキー・スノーアクティビティ,情報なし,"スキー場, 日帰り温泉隣接, ファミリー向け",情報がありません,"2023年12月23日（土曜日） オープン予定_x000D_
2024年3月17日（日曜日）クローズ予定",休場日の場合でも、イベント利用の要望などあれば、特別料金にて貸切営業も可能ですのでお問い合わせ下さい。,スキー・スノーアクティビティ
207,https://niigata-kankou.or.jp/spot/10694,舞子スノーリゾート,https://niigata-kankou.or.jp/image/rendering/attraction_image/14098/trim.900/3/2?v=347fbf13f0f11fcad2646012e95a1c000c34a32a,36.987551,138.832093,湯沢・魚沼エリア,スキー・スノーアクティビティ,"カード対応可, ユニバーサルデザイン情報有, 託児所有, おむつ交換場所有, 授乳室有",情報なし,情報がありません,"2023年12月20日（水曜日）オープン予定　_x000D_
2024年3月31日（日曜日）クローズ予定",情報がありません,スキー・スノーアクティビティ
210,https://niigata-kankou.or.jp/spot/10676,妙高杉ノ原スキー場,https://niigata-kankou.or.jp/image/rendering/attraction_image/7899/trim.900/3/2?v=1e69d9e0342597235c0b8d26c2cf8ae314dab586,36.85568448,138.1548941,妙高・上越・糸魚川エリア,スキー・スノーアクティビティ,情報なし,情報なし,情報がありません,"2023年12月24日（土曜日）オープン予定_x000D_
2024年3月26日（日曜日）クローズ予定",情報がありません,スキー・スノーアクティビティ
211,https://niigata-kankou.or.jp/spot/10677,赤倉観光リゾートスキー場,https://niigata-kankou.or.jp/image/rendering/attraction_image/8828/trim.900/3/2?v=84924427ac7dc331382d6fd6f604892fa1a6e572,36.886932,138.177795,妙高・上越・糸魚川エリア,スキー・スノーアクティビティ,託児所有,情報なし,情報がありません,"2023年12月16日（土曜日） オープン予定_x000D_
2024年3月31日（日曜日）クローズ予定",情報がありません,スキー・スノーアクティビティ
218,https://niigata-kankou.or.jp/spot/7401,サントピアワールド,https://niigata-kankou.or.jp/image/rendering/attraction_image/139346/trim.900/3/2?v=41e909b274c02a5d5a9bd9df898dfac25d129d1f,37.76476036,139.2531858,新潟・阿賀エリア,"遊び,観光施設",情報なし,遊園地,情報がありません,情報がありません,情報がありません,観光施設
221,https://niigata-kankou.or.jp/spot/11394,大沢山温泉,https://niigata-kankou.or.jp/image/rendering/attraction_image/84573/trim.900/3/2?v=b767cc1b86a3230d4845965cbc69323b4638bdbe,37.0214399,138.804155,湯沢・魚沼エリア,温泉地,情報なし,情報なし,情報がありません,情報がありません,"●泉質：ナトリウム-塩化物炭酸水素泉(アルカリ性低張性温泉)_x000D_
●適応症：きりきず、やけど、慢性皮膚炎病　ほか_x000D_
●泉温：28度",温泉・サウナ
224,https://niigata-kankou.or.jp/spot/10683,湯沢中里スノーリゾート,https://niigata-kankou.or.jp/image/rendering/attraction_image/3321/trim.900/3/2?v=1d727a436cd16d63d6ecc861166293389f60288a,36.91428365,138.8494696,湯沢・魚沼エリア,スキー・スノーアクティビティ,"カード対応可, おむつ交換場所有, 授乳室有, 夫婦, 女性, ファミリー",情報なし,情報がありません,"2023年12月21日（木曜日） オープン予定_x000D_
2024年3月31日（日曜日）クローズ予定",情報がありません,スキー・スノーアクティビティ
229,https://niigata-kankou.or.jp/spot/8891,トキの森公園,https://niigata-kankou.or.jp/image/rendering/attraction_image/105475/trim.900/3/2?v=c2b95a273b2804f226ed243b70bc57aac2809ec2,38.0371102,138.4212923,佐渡エリア,"動植物園・水族館, 絶景・景勝地・天然記念物",情報なし,情報なし,情報がありません,情報がありません,情報がありません,動植物園・水族館
231,https://niigata-kankou.or.jp/spot/8366,越後ゆきくら館,https://niigata-kankou.or.jp/image/rendering/attraction_image/18610/trim.900/3/2?v=6ffd7cdb5a8b27e1edf724651491bd8654739072,37.32388071,139.0181748,湯沢・魚沼エリア,酒蔵見学,情報なし,"地酒, 雪室, 雪中貯蔵, 試飲, 酒蔵見学, 日本酒, 酒",情報がありません,情報がありません,"●銘柄：玉風味、越乃雪蔵、越乃玉梅、ゆきくら、さむらい46等_x000D_
●試飲有り、試食有り_x000D_
●申込み：いつでも可_x000D_
●展示、売店有り",酒蔵見学
236,https://niigata-kankou.or.jp/spot/10719,古志高原スキー場,https://niigata-kankou.or.jp/image/rendering/attraction_image/153463/trim.900/3/2?v=28172087f8e0d49ce11b4ad372e32320b42b641a,37.31824,138.887347,長岡・柏崎エリア,スキー・スノーアクティビティ,情報なし,情報なし,情報がありません,"2023年12月23日（土曜日） オープン予定_x000D_
2024年3月20日（水曜日）クローズ予定","★★イベント★★_x000D_
『毎月第3日曜日　スキーこどもの日』※小学生までのお子様は、リフトが無料_x000D_
『毎週水曜日　レディースデー』※リフト一日券が半額_x000D_
『毎週木曜日　シニアデー（60歳以上）』※リフト一日券が半額_x000D_
『大人1人・小学生以下1人の親子』※リフト12回券・1日券割引（通常3,500円を3,000円にて）",スキー・スノーアクティビティ
237,https://niigata-kankou.or.jp/spot/10716,須原スキー場,https://niigata-kankou.or.jp/image/rendering/attraction_image/3361/trim.900/3/2?v=7beaadeb6bacc1cd0420f2966849e36b776a0e4e,37.33141861,139.0053584,湯沢・魚沼エリア,スキー・スノーアクティビティ,情報なし,"スキー場, ナイター貸切, 豊富なコース, ファミリー向け",情報がありません,"2023年12月22日（金曜日） オープン予定_x000D_
2024年3月17日（日曜日）クローズ予定",情報がありません,スキー・スノーアクティビティ
238,https://niigata-kankou.or.jp/spot/44172,ヤスダヨーグルト,https://niigata-kankou.or.jp/image/rendering/attraction_image/144865/trim.900/3/2?v=b923a75352b3b4933a1aaa2ed0841ac2a78e4823,37.778225,139.2280888,新潟・阿賀エリア,"食べる, 見る, グルメ・ガストロノミー, ショッピング, 観光施設",情報なし,工場見学,情報がありません,通年,"【工場見学について】_x000D_
・中学生以下のお子様が見学する場合は、安全確保のため同数の大人の方の同伴をお願いたしております。_x000D_
・工場入り口にスロープ等の設置がありません。車椅子やベビーカーを使用されている方がいらっしゃる場合は、ご相談ください。_x000D_
・学校の授業等、一般の工場見学と異なる見学は行っておりません。_x000D_
・ＧＷ・お盆・お正月などにつきましては、安全確保のため工場見学をお休みいたしております。（ショップは営業いたしております。）_x000D_
・牧場等の見学は実施しておりません。_x000D_
・土曜日は混み合いますので、定員になり次第締切をさせていただきます。_x000D_
・ご予約の無い場合は、ご入場いただけませんので、ご注意下さい。",観光施設
239,https://niigata-kankou.or.jp/spot/12980,倉島農園,https://niigata-kankou.or.jp/image/rendering/attraction_image/8733/trim.900/3/2?v=3f703e12b4e8fce7a14d5437dc6b641b875a39f7,37.97406959,139.4233724,村上・新発田エリア,フルーツ・野菜収穫,情報なし,"味覚狩り, りんご狩り",情報がありません,2023年9月中旬～11月中旬,情報がありません,フルーツ・野菜収穫
253,https://niigata-kankou.or.jp/spot/5612,しろね大凧と歴史の館,https://niigata-kankou.or.jp/image/rendering/attraction_image/33154/trim.900/3/2?v=64111db54d1be6bf9446e7e8560e04c90648d13a,37.757975,139.023185,新潟・阿賀エリア,"観光施設, 遊ぶ",ユニバーサルデザイン情報有,情報なし,情報がありません,情報がありません,"3D立体映像ナレーションは6ヶ国語対応(日,英,韓,中,露,仏)",観光施設
255,https://niigata-kankou.or.jp/spot/8930,北雪酒造,https://niigata-kankou.or.jp/image/rendering/attraction_image/23084/trim.900/3/2?v=4a6ada0a3767af47485b03adc95ad54c01e9fb73,37.87087868,138.4140669,佐渡エリア,"酒蔵見学, 地酒・地ビール・ワイン, おみやげ",カード対応可,情報なし,情報がありません,情報がありません,情報がありません,酒蔵見学
256,https://niigata-kankou.or.jp/spot/11597,湯田上温泉,https://niigata-kankou.or.jp/image/rendering/attraction_image/14070/trim.900/3/2?v=9901c5f80b7243a02e55dd81b8a6977c6233503f,37.71100128,139.0756549,弥彦・燕三条エリア,温泉地,"カード対応可, ユニバーサルデザイン情報有, 夫婦, 女性, ファミリー",情報なし,情報がありません,情報がありません,"●泉質：ナトリウム‐塩化物泉。平成10年に新しく掘削した新源泉を使用、又飲用も可。
●主な効能：〔浴用〕慢性皮膚病、慢性婦人病、虚弱児童〔飲用〕慢性消火器病、慢性便秘
●泉温：34.6度",温泉・サウナ
260,https://niigata-kankou.or.jp/spot/10687,神立スノーリゾート,https://niigata-kankou.or.jp/image/rendering/attraction_image/3325/trim.900/3/2?v=ab6a80f70ee7ad0247d28d74dc8b39c2f8428256,36.911234372652096,138.8127713386231,湯沢・魚沼エリア,"アウトドア・スポーツ, スキー・スノーアクティビティ",情報なし,情報なし,情報がありません,"2023年12月16日（土曜日） オープン予定_x000D_
2024年4月21日（日曜日）クローズ予定",情報がありません,スキー・スノーアクティビティ
262,https://niigata-kankou.or.jp/spot/10713,小出スキー場,https://niigata-kankou.or.jp/image/rendering/attraction_image/3358/trim.900/3/2?v=04336142de97dbd936762f1f865a1b4478e8354f,37.22820737,138.9535453,湯沢・魚沼エリア,スキー・スノーアクティビティ,情報なし,"スキー場, ファミリー向け, アクセス良好, 景色を楽しむ, 日帰り温泉隣接",情報がありません,"2023年12月23日（土曜日） オープン予定_x000D_
2024年3月10日（日曜日）クローズ予定",情報がありません,スキー・スノーアクティビティ
263,https://niigata-kankou.or.jp/spot/10703,八海山麓スキー場,https://niigata-kankou.or.jp/image/rendering/attraction_image/13611/trim.900/3/2?v=fe41af0b220d4397764c6a5991575294b69fadcb,37.15459,138.974052,湯沢・魚沼エリア,スキー・スノーアクティビティ,情報なし,情報なし,情報がありません,"2023年12月23日（土曜日） オープン予定_x000D_
2024年3月17日（日曜日）クローズ予定",情報がありません,スキー・スノーアクティビティ
266,https://niigata-kankou.or.jp/spot/10685,湯沢パークスキー場,https://niigata-kankou.or.jp/image/rendering/attraction_image/3323/trim.900/3/2?v=ba54782e37a216372435679a1f2721a46b342942,36.92493741620079,138.85940905822758,湯沢・魚沼エリア,スキー・スノーアクティビティ,"おむつ交換場所有, ファミリー",情報なし,情報がありません,"2023年12月23日（土曜日）オープン予定_x000D_
2024年3月31日（日曜日）クローズ予定",情報がありません,スキー・スノーアクティビティ
267,https://niigata-kankou.or.jp/spot/5603,白根グレープガーデン,https://niigata-kankou.or.jp/image/rendering/attraction_image/8686/trim.900/3/2?v=c904e250ecc2eaa63132739b1f20e194dbc71430,37.83232188,139.0381332,新潟・阿賀エリア,"フルーツ・野菜収穫, スイーツ, おみやげ","ユニバーサルデザイン情報有, 夫婦, 女性, ファミリー","味覚狩り, ぶどう狩り, 梨狩り, いちご狩り, 桃狩り, いちじく狩り, ジェラート, さくらんぼ狩り",情報がありません,2023年1月28日（土曜日）～6月下旬,全天候型休憩センター完備（無料）,フルーツ・野菜収穫
276,https://niigata-kankou.or.jp/spot/11609,神湯とふれあいの里（神湯温泉倶楽部）／キャンピングパーク神湯,https://niigata-kankou.or.jp/image/rendering/attraction_image/3665/trim.900/3/2?v=6d24d5977d80905895eb4f7997a30efd74db3411,37.28476198,138.9965205,湯沢・魚沼エリア,"日帰り温泉, 温泉地, 温泉宿泊施設, キャンプ, アウトドア・スポーツ",情報なし,"宿泊施設, 日帰り温泉, キャンプ場",情報がありません,情報がありません,"●泉質：弱アルカリ性単純泉_x000D_
●主な効能：神経痛、関節痛、慢性消化器病",温泉・サウナ
290,https://niigata-kankou.or.jp/spot/10689,一本杉スノーパーク,https://niigata-kankou.or.jp/image/rendering/attraction_image/3327/trim.900/3/2?v=1b25acebabf52ac935e9fd996524201805709859,36.93659245343576,138.80691527249147,湯沢・魚沼エリア,スキー・スノーアクティビティ,情報なし,情報なし,情報がありません,"2023年12月23日（土曜日） オープン予定_x000D_
2024年4月7日（日曜日）クローズ予定",情報がありません,スキー・スノーアクティビティ
292,https://niigata-kankou.or.jp/spot/7317,樽ケ橋遊園,https://niigata-kankou.or.jp/image/rendering/attraction_image/122754/trim.900/3/2?v=df246defdff78a0b03de029505e8ae0e5882c8cc,38.06255982573954,139.4532212736989,村上・新発田エリア,"観光施設, その他の花",授乳室有,遊園地,"その他の花の最新状況: 終わり
その他の花のシーズン: 5月中旬",情報がありません,"動物_x000D_
①エゾシカ_x000D_
②バリケン_x000D_
⓷オオフラミンゴ_x000D_
④アヒル　他_x000D_
⑤カイウサギ_x000D_
⑥モルモット_x000D_
⑦フェレット_x000D_
⑧ヤギ_x000D_
⑨シェトランドポニー_x000D_
⑩アルパカ_x000D_
⑪ニホンザル_x000D_
⑫ダチョウ_x000D_
⑬ヤクシカ_x000D_
⑭ツキノワグマ
_x000D_
樽ケ橋遊園のSNSでは、飼育員が動物たちのかわいい姿をアップしています。_x000D_
ぜひご覧ください。",観光施設
294,https://niigata-kankou.or.jp/spot/5606,フルーツ童夢やまだ農園,https://niigata-kankou.or.jp/image/rendering/attraction_image/8747/trim.900/3/2?v=64ff92294cf53af1445ced43b858a0492862d383,37.70890876,138.9947919,新潟・阿賀エリア,フルーツ・野菜収穫,情報なし,"味覚狩り, ぶどう狩り, 桃狩り, 梨狩り",情報がありません,2023年7月中旬～11月上旬,休憩所完備（雨天OK),フルーツ・野菜収穫
302,https://niigata-kankou.or.jp/spot/10812,いくとぴあ食花,https://niigata-kankou.or.jp/image/rendering/attraction_image/3480/trim.900/3/2?v=27ced3a6298c3313cec61ef178736874c00519f1,37.88017855,139.0497972,新潟・阿賀エリア,"観光施設, 花・木, 市場・産直, 新潟県のチューリップ・開花情報","ユニバーサルデザイン情報有, おむつ交換場所有, 授乳室有",情報なし,"新潟県のチューリップ・開花情報の最新状況: 終わり
新潟県のチューリップ・開花情報のシーズン: 4月中旬～4月下旬",情報がありません,4月中旬～4月下旬,観光施設
303,https://niigata-kankou.or.jp/spot/11970,第14回フラワースタンプラリー,https://niigata-kankou.or.jp/image/rendering/attraction_image/142548/trim.900/3/2?v=9aea9ee7db2bcb7e02d6749061e4f8f31bc9c9fa,37.41795,138.74566400000003,長岡・柏崎エリア,"花・紅葉・蛍, 花・木, 見る, 動植物園・水族館, 巡る","夫婦, 女性, ファミリー","スタンプラリー, 花, フラワー, プレゼント",情報がありません,2023年4月15日（土曜日）～6月18日（日曜日）,"応募締切：6月23日（金曜日）消印有効_x000D_
※プレゼントの発送をもって発表に代えさせていただきます。_x000D_
※休園日、休館日、営業時間帯は各施設により異なりますので個別にお問合せください。",動植物園・水族館
307,https://niigata-kankou.or.jp/spot/11887,三国街道塩沢宿ひな雪見かざり,https://niigata-kankou.or.jp/image/rendering/attraction_image/4067/trim.900/3/2?v=4cc87f0826b017a073fbdf4507f1465e61ee4267,37.04135849,138.8535289,湯沢・魚沼エリア,"祭り・伝統行事, 町並み, 巡る, 観光施設","夫婦, 女性, ファミリー",ひな巡り,情報がありません,"2023年2月18日（土曜日）～4月2日（日曜日）
",情報がありません,観光施設
309,https://niigata-kankou.or.jp/spot/11443,さわたコミュニティセンター  ビューさわた,https://niigata-kankou.or.jp/image/rendering/attraction_image/120222/trim.900/3/2?v=79cecc8de99304dc6f7a8875687311da3e7988bd,38.008506,138.316627,佐渡エリア,温泉・サウナ,情報なし,情報なし,情報がありません,情報がありません,情報がありません,温泉・サウナ
319,https://niigata-kankou.or.jp/spot/11600,弥彦湯神社温泉（弥彦温泉郷）,https://niigata-kankou.or.jp/image/rendering/attraction_image/3656/trim.900/3/2?v=be9a0b93764013308db0404641f5ce65558d9ef3,37.703143,138.827448,弥彦・燕三条エリア,温泉地,情報なし,情報なし,情報がありません,情報がありません,"●泉質：アルカリ性単純温泉
●効能：肌の角質をとる美肌効果、鎮静効果大きく病後回復、疲労回復、ストレス解消、健康増進など

老若男女が安心して入れる優しい湯アルカリの湯が美肌を作る",温泉・サウナ
324,https://niigata-kankou.or.jp/spot/10688,NASPAスキーガーデン,https://niigata-kankou.or.jp/image/rendering/attraction_image/3326/trim.900/3/2?v=fe285ec3d97be84e369857644cc8368200df716f,36.92507671388895,138.80588046557614,湯沢・魚沼エリア,スキー・スノーアクティビティ,"カード対応可, ユニバーサルデザイン情報有, おむつ交換場所有, 授乳室有, ベビーカー貸出有, 夫婦, 女性, ファミリー",情報なし,情報がありません,"2023年12月22日（金曜日） オープン予定_x000D_
2024年3月31日（日曜日）クローズ予定",情報がありません,スキー・スノーアクティビティ
325,https://niigata-kankou.or.jp/spot/42979,道の駅「ながおか花火館」,https://niigata-kankou.or.jp/image/rendering/attraction_image/161848/trim.900/3/2?v=6cbd5aa74b72fe28a5cae1b15992bcdac480faba,37.45503,138.8045291,長岡・柏崎エリア,"道の駅, 観光施設",情報なし,情報なし,情報がありません,情報がありません,"【貸館】DayRENT_x000D_
●フリーマーケットやセミナーなど自由に利用できるレンタル会議室や屋内外イベントスペースを完備。_x000D_
●事前予約制です。対象エリアや料金等は､道の駅長岡花火館公式HPをご覧ください。",観光施設
327,https://niigata-kankou.or.jp/spot/10690,岩原スキー場,https://niigata-kankou.or.jp/image/rendering/attraction_image/3328/trim.900/3/2?v=4c07f339f41b3297d52b7badcd9ac4a14e11b009,36.938436376364265,138.84056158320254,湯沢・魚沼エリア,スキー・スノーアクティビティ,"夫婦, 女性, ファミリー, カード対応可, おむつ交換場所有, 授乳室有",情報なし,情報がありません,"2023年12月23日（土曜日）オープン予定_x000D_
2024年3月31日（日曜日）クローズ予定",情報がありません,スキー・スノーアクティビティ
328,https://niigata-kankou.or.jp/spot/10671,池の平温泉 アルペンブリックスキー場,https://niigata-kankou.or.jp/image/rendering/attraction_image/8833/trim.900/3/2?v=7c182dbbe2bcd9ff2e3607974dced51f7b35ea02,36.872471,138.171852,妙高・上越・糸魚川エリア,スキー・スノーアクティビティ,情報なし,情報なし,情報がありません,"2023年12月16日（土曜日） オープン予定_x000D_
2024年3月下旬クローズ予定",情報がありません,スキー・スノーアクティビティ
329,https://niigata-kankou.or.jp/spot/43018,摂田屋6番街発酵ミュージアム・米蔵（旧機那サフラン酒本舗）,https://niigata-kankou.or.jp/image/rendering/attraction_image/160157/trim.900/3/2?v=f544b2874e24966a28d06749e1c57c6db6636ce3,37.4159192,138.8405,長岡・柏崎エリア,観光施設,情報なし,情報なし,情報がありません,情報がありません,"●開館時間：9時～17時（入館は16時30分まで）_x000D_
○軽食提供スペース：10時～17時（入館は16時30分まで）※10時～11時は一部メニュー調理中。全メニュー提供は11時から。_x000D_
●定休日：毎週火曜日（要問合せ）_x000D_
○軽食提供スペースは毎週火・水曜日定休 ※祝日等の関係で変更の可能性あり、年末年始（12月28日～1月4日）_x000D_
※イベント開催時の場合入場できない場合もございます。",観光施設
332,https://niigata-kankou.or.jp/spot/6162,アグリコア越後ワイナリー,https://niigata-kankou.or.jp/image/rendering/attraction_image/154146/trim.900/3/2?v=4e019ab9b23f37dc2f5b619fd119c9f85852e489,37.16283077,138.9383146,湯沢・魚沼エリア,"ご当地グルメ・郷土料理,地酒・地ビール・ワイン,自然・景観,農家レストラン,フルーツ・野菜収穫",情報なし,情報なし,情報がありません,情報がありません,情報がありません,フルーツ・野菜収穫
333,https://niigata-kankou.or.jp/spot/7114,長岡東山ふるさと体験農園,https://niigata-kankou.or.jp/image/rendering/attraction_image/153613/trim.900/3/2?v=c41adaf5f9b20e4c1c4ee8ab0fe351331a5c4e9e,37.4306244,138.8698983,長岡・柏崎エリア,フルーツ・野菜収穫,情報なし,いちご狩り,情報がありません,2023年1月21日（土曜日)～オープン,情報がありません,フルーツ・野菜収穫
348,https://niigata-kankou.or.jp/spot/11355,越後長野温泉,https://niigata-kankou.or.jp/image/rendering/attraction_image/85594/trim.900/3/2?v=257907cb00be830fd2dd5f5c72fbf77cd017d11f,37.52693405,139.1177403,弥彦・燕三条エリア,"日帰り温泉, 温泉地, 温泉宿泊施設",情報なし,しただ温泉郷,情報がありません,情報がありません,情報がありません,温泉・サウナ
356,https://niigata-kankou.or.jp/spot/10681,かぐらスキー場（田代エリア）,https://niigata-kankou.or.jp/image/rendering/attraction_image/3319/trim.900/3/2?v=1236f3301b08460eecd39be32cee02d1310bb100,36.84626741480791,138.77577614226595,湯沢・魚沼エリア,スキー・スノーアクティビティ,"カード対応可, ファミリー",情報なし,情報がありません,"2023年12月16日（土曜日） オープン予定_x000D_
2024年5月6日（月曜日）クローズ予定",情報がありません,スキー・スノーアクティビティ
360,https://niigata-kankou.or.jp/spot/10670,赤倉温泉スキー場,https://niigata-kankou.or.jp/image/rendering/attraction_image/8837/trim.900/3/2?v=c05c828447a027697da51a896ea175b1ee9b0da2,36.89683,138.175693,妙高・上越・糸魚川エリア,スキー・スノーアクティビティ,情報なし,情報なし,情報がありません,"2023年12月16日（土曜日） オープン予定_x000D_
2024年4月7日（日曜日）クローズ予定",情報がありません,スキー・スノーアクティビティ
366,https://niigata-kankou.or.jp/spot/5621,新潟県立植物園,https://niigata-kankou.or.jp/image/rendering/attraction_image/151231/trim.900/3/2?v=bb94059f35847251c94f8fd41c38fae891f76aef,37.76135498,139.1117905,新潟・阿賀エリア,動植物園・水族館,"授乳室有, ユニバーサルデザイン情報有","こども, 自由研究, 夏休み",情報がありません,情報がありません,情報がありません,動植物園・水族館
380,https://niigata-kankou.or.jp/spot/10069,タカギ農場,https://niigata-kankou.or.jp/image/rendering/attraction_image/19504/trim.900/3/2?v=e15f5921430a0aad523d2c4fce6eca7455d447f9,37.925605,139.163912,新潟・阿賀エリア,"フルーツ・野菜収穫, 食べる, 農家レストラン, 市場・産直",ユニバーサルデザイン情報有,いちご狩り,情報がありません,2023年2月17日（金曜日）～～5月下旬,情報がありません,フルーツ・野菜収穫
381,https://niigata-kankou.or.jp/spot/7113,夢ファームあらかわいちご園,https://niigata-kankou.or.jp/image/rendering/attraction_image/38678/trim.900/3/2?v=4a4bf50e639be87fb9cae56db7b6e09bc2601610,38.105876,139.425795,村上・新発田エリア,フルーツ・野菜収穫,情報なし,いちご狩り,情報がありません,2月下旬～5月下旬,情報がありません,フルーツ・野菜収穫
382,https://niigata-kankou.or.jp/spot/8463,岩の原葡萄園,https://niigata-kankou.or.jp/image/rendering/attraction_image/131611/trim.900/3/2?v=6d643adc36ee637817cde44921279392402bec62,37.0880727,138.35067260000005,妙高・上越・糸魚川エリア,"おみやげ,地酒・地ビール・ワイン,酒蔵見学",情報なし,情報なし,情報がありません,情報がありません,"●第2号石蔵市指定文化財
※平成2年3月5日指定",酒蔵見学
383,https://niigata-kankou.or.jp/spot/11610,駒の湯温泉,https://niigata-kankou.or.jp/image/rendering/attraction_image/122373/trim.900/3/2?v=7dc9e8b58349b4ee8440ee0e2a6f5f85bf03c40d,37.16207869,139.0892733,湯沢・魚沼エリア,"温泉地, 温泉宿泊施設",情報なし,"温泉, ランプの宿, 秘湯, 自然の中でのんびり",情報がありません,情報がありません,"●泉質：アルカリ性単純温泉_x000D_
●主な効能：リウマチ、胃腸病、高血圧、外傷、眼病等 _x000D_
●泉温：33度",温泉・サウナ
384,https://niigata-kankou.or.jp/spot/41310,錦鯉,https://niigata-kankou.or.jp/image/rendering/attraction_image/13545/trim.900/3/2?v=fe6e68b72b5f0f7e14b53a7a6bb64325b409b600,37.31118454613894,138.795251805691,長岡・柏崎エリア,"動植物園・水族館, 産業観光",情報なし,情報なし,情報がありません,情報がありません,"世界唯一の錦鯉鑑賞施設「錦鯉の里」でいつでも鑑賞することができます。_x000D_
購入等につきましては、小千谷市錦鯉漁業協同組合に加盟している各養鯉業者にお問い合わせください。_x000D_
（もしくは小千谷市錦鯉漁業協同組合事務局TEL:0258‐94‐6031）",動植物園・水族館
385,https://niigata-kankou.or.jp/spot/11687,浦佐温泉,https://niigata-kankou.or.jp/image/rendering/attraction_image/84562/trim.900/3/2?v=6c37dee5c9f8155d3efd2e57d748c572ed2488f6,37.16357767,138.9178386,湯沢・魚沼エリア,温泉地,ユニバーサルデザイン情報有,情報なし,情報がありません,情報がありません,"【たもん荘】_x000D_
●泉質：ナトリウム・カルシウムー塩化物･硫酸塩温泉(低張性中性高温泉)_x000D_
●適応症：きりきず、末梢循環障害、冷え症　ほか_x000D_
【てじまや】_x000D_
●泉質：ナトリウムー塩化物泉(低張性中性低温泉)_x000D_
●適応症：きりきず、やけど、慢性皮膚病　ほか",温泉・サウナ
390,https://niigata-kankou.or.jp/spot/11576,瀬波温泉,https://niigata-kankou.or.jp/image/rendering/attraction_image/3624/trim.900/3/2?v=43e08198cf67092fa7696056cd7c1aa50ed52068,38.21953187,139.441478,村上・新発田エリア,"温泉地, 温泉・宿・サウナ, 遊ぶ","夫婦, 女性, ファミリー",情報なし,情報がありません,通年,情報がありません,温泉・サウナ
394,https://niigata-kankou.or.jp/spot/44138,樽ケ橋遊園　動物ふれあい,https://niigata-kankou.or.jp/image/rendering/attraction_image/143067/trim.900/3/2?v=4a59c29fac36ab499c982ce97fc12f186cb5d113,38.06237984440464,139.45311779311524,村上・新発田エリア,"動植物園・水族館, 遊ぶ","おむつ交換場所有, 授乳室有, 夫婦, 女性, ファミリー",情報なし,情報がありません,開園期間中の土・日・祝日,"■注意事項_x000D_
みなさまが楽しく、快適にご利用いただけるよう、以下の事項をお守りください。
_x000D_
①ペットの持ち込みはご遠慮ください。_x000D_
②園内での喫煙はご遠慮ください。_x000D_
③飲酒及び酒類の持ち込みはご遠慮ください。_x000D_
④動物には園内で販売しているエサ以外は与えないでください。_x000D_
⑤園内にゴミ箱は設置しておりませんので、各自でお持ち帰りください。_x000D_
⑥許可なく物販などの営業行為はしないでください。",動植物園・水族館
395,https://niigata-kankou.or.jp/spot/10705,▲越後妻有 松之山温泉スノーパーク（松之山温泉スキー場）,https://niigata-kankou.or.jp/image/rendering/attraction_image/162003/trim.900/3/2?v=44ba01fa4a3e4f10e1f41472f857fcca03bd3e8f,37.0521897,138.5975518,湯沢・魚沼エリア,"スキー・スノーアクティビティ, キャンプ",情報なし,情報なし,情報がありません,"2023年12月16日（土曜日） オープン予定_x000D_
2024年3月下旬クローズ予定",情報がありません,スキー・スノーアクティビティ
396,https://niigata-kankou.or.jp/spot/10706,まつだいファミリースキー場,https://niigata-kankou.or.jp/image/rendering/attraction_image/162016/trim.900/3/2?v=14a171e42f70fae04f4fdcdc6909d21d1d2ad95a,37.1266249,138.6055766,湯沢・魚沼エリア,スキー・スノーアクティビティ,情報なし,情報なし,情報がありません,"2023年12月23日（土曜日） オープン予定_x000D_
2024年3月24日（日曜日）クローズ予定",情報がありません,スキー・スノーアクティビティ
398,https://niigata-kankou.or.jp/spot/10700,ムイカスノーリゾート,https://niigata-kankou.or.jp/image/rendering/attraction_image/40348/trim.900/3/2?v=ddc2602540bdd158fea0d741c45ab33170d58634,37.071601,138.846365,湯沢・魚沼エリア,スキー・スノーアクティビティ,情報なし,情報なし,情報がありません,"2023年12月22日（金曜日）オープン予定_x000D_
2024年3月24日（日曜日）クローズ予定",情報がありません,スキー・スノーアクティビティ
399,https://niigata-kankou.or.jp/spot/10024,伊藤農園,https://niigata-kankou.or.jp/image/rendering/attraction_image/29566/trim.900/3/2?v=44450b573349f8807a7aed446d1b9f6ceabbfc8f,37.9611,139.262674,村上・新発田エリア,"フルーツ・野菜収穫, グルメ・ガストロノミー","夫婦, 女性, ファミリー","味覚狩り, ぶどう狩り",情報がありません,2023年9月1日～10月中旬,情報がありません,フルーツ・野菜収穫
403,https://niigata-kankou.or.jp/spot/10106,黒沢観光栗・さるなし園,https://niigata-kankou.or.jp/image/rendering/attraction_image/156856/trim.900/3/2?v=7c2efbc2c7a3b322f1498277f2e0e3734a8cf80f,37.0935714,138.7574237,湯沢・魚沼エリア,"フルーツ・野菜収穫, 農家レストラン",情報なし,"味覚狩り, 栗拾い, サルナシ狩り",情報がありません,2023年9月20日～10月中旬,"例年　9月中旬～10月中旬　_x000D_
※気候条件によりオープン時期が前後する場合があります_x000D_
※団体での利用の際は、事前にご連絡ください。",フルーツ・野菜収穫
410,https://niigata-kankou.or.jp/spot/11812,えちご川口温泉,https://niigata-kankou.or.jp/image/rendering/attraction_image/152207/trim.900/3/2?v=a4cabdda8443b6ee1baf32a532d1f275322254d9,37.26850684226405,138.86884637639923,長岡・柏崎エリア,"温泉・宿・サウナ, 日帰り温泉",ユニバーサルデザイン情報有,えちご川口温泉,情報がありません,情報がありません,情報がありません,温泉・サウナ
412,https://niigata-kankou.or.jp/spot/11607,大湯温泉,https://niigata-kankou.or.jp/image/rendering/attraction_image/3664/trim.900/3/2?v=2531b575f3c88e09b13249efa68faaf0bb80ccdf,37.1928463,139.0818587,湯沢・魚沼エリア,"温泉・宿・サウナ, 温泉地",情報なし,"温泉, スキー場隣接",情報がありません,情報がありません,情報がありません,温泉・サウナ
413,https://niigata-kankou.or.jp/spot/9011,佐渡太鼓体験交流館 たたこう館,https://niigata-kankou.or.jp/image/rendering/attraction_image/123229/trim.900/3/2?v=44b120cc88e403bf3d90964df25671725b2e9608,37.8222157,138.23244490000002,佐渡エリア,"観光施設,歴史・文化,体験",ユニバーサルデザイン情報有,情報なし,情報がありません,情報がありません,他のお客様と一緒に体験いただく場合があります。またイベント、貸館、その他当館の都合にて体験を実施できない場合もあります。,観光施設
418,https://niigata-kankou.or.jp/spot/41484,そら野テラス,https://niigata-kankou.or.jp/image/rendering/attraction_image/19665/trim.900/3/2?v=96fa7ef6df4141ce121db8c9c4d99d87a7d47250,37.7981588,138.8916097,新潟・阿賀エリア,"食べる, フルーツ・野菜収穫",情報なし,いちご狩り,情報がありません,2023年2月18日（土曜日）〜6月中旬,情報がありません,フルーツ・野菜収穫
427,https://niigata-kankou.or.jp/spot/43570,ラポルテ五泉,https://niigata-kankou.or.jp/image/rendering/attraction_image/107862/trim.900/3/2?v=247d88ae7d447b7f03e4e7350aa5e3cc35dd0faf,37.74470007,139.1933,新潟・阿賀エリア,観光施設,"授乳室有, カード対応可",情報なし,情報がありません,情報がありません,情報がありません,観光施設
431,https://niigata-kankou.or.jp/spot/42084,婿投げ体験ご利益スポット＆24時間湯で玉子,https://niigata-kankou.or.jp/image/rendering/attraction_image/32619/trim.900/3/2?v=3696c23013ab95a59af14df685456adfce6cd234,37.06550834,138.6024809,湯沢・魚沼エリア,"遊ぶ, 料理・グルメ, グルメ・ガストロノミー, 観光施設, スパ・足湯",情報なし,ガストロノミー,情報がありません,5月～11月の金曜・土曜・日曜・祝日（降雪状況による）,情報がありません,観光施設
432,https://niigata-kankou.or.jp/spot/11612,栃尾又温泉,https://niigata-kankou.or.jp/image/rendering/attraction_image/19475/trim.900/3/2?v=97c30872d9f09e6b5edb823e49982a0129306c30,37.18546759,139.0859067,湯沢・魚沼エリア,温泉地,情報なし,"温泉, ラジウム温泉, 子宝の湯, 湯治",情報がありません,情報がありません,"●泉質：単純ラジウム泉_x000D_
●主な効能：リウマチ、婦人病等_x000D_
●源泉温度：37度",温泉・サウナ
435,https://niigata-kankou.or.jp/spot/5957,国営越後丘陵公園,https://niigata-kankou.or.jp/image/rendering/attraction_image/162723/trim.900/3/2?v=5e2ed92fd360fca5f13d9bfe822009f331458b0d,37.42639399999999,138.746618,長岡・柏崎エリア,"花・木, 公園, スキー・スノーアクティビティ, 新潟県のチューリップ・開花情報, 新潟県の雪割草・開花情報, 新潟県のカタクリ・開花情報, 新潟県のバラ・開花情報","ユニバーサルデザイン情報有, 授乳室有","子どもが遊べる, お花いっぱい","新潟県のチューリップ・開花情報の最新状況: 終わり
新潟県のチューリップ・開花情報のシーズン: 4月下旬～5月上旬
新潟県の雪割草・開花情報の最新状況: 終わり
新潟県の雪割草・開花情報のシーズン: 3月中旬～4月中旬
新潟県のカタクリ・開花情報の最新状況: 終わり
新潟県のカタクリ・開花情報のシーズン: 3月下旬～4月中旬
新潟県のバラ・開花情報の最新状況: 冬囲いのため剪定作業に入ります
新潟県のバラ・開花情報のシーズン: 9月下旬～11月中旬
コスモスの最新状況: 抜き取り作業が始まります
コスモスのシーズン: 9月下旬～10月下旬",情報がありません,情報がありません,スキー・スノーアクティビティ
436,https://niigata-kankou.or.jp/spot/10684,中里スノーウッドスキー場,https://niigata-kankou.or.jp/image/rendering/attraction_image/3322/trim.900/3/2?v=4100b2e7e37080a91673584e21030c9dccacab5b,36.90543989305922,138.85018257672118,湯沢・魚沼エリア,スキー・スノーアクティビティ,"託児所有, ファミリー",情報なし,情報がありません,"2023年12月16日（土曜日） オープン予定_x000D_
2024年4月7日（日曜日）クローズ予定",情報がありません,スキー・スノーアクティビティ
437,https://niigata-kankou.or.jp/spot/10026,田中ぶどう園,https://niigata-kankou.or.jp/image/rendering/attraction_image/19191/trim.900/3/2?v=e5728526397751b83e940294ff8b25795e255c3b,37.961879,139.268478,村上・新発田エリア,フルーツ・野菜収穫,情報なし,"味覚狩り, ぶどう狩り",情報がありません,2023年9月1日～10月中旬,情報がありません,フルーツ・野菜収穫
439,https://niigata-kankou.or.jp/spot/43770,山本ぶどう園,https://niigata-kankou.or.jp/image/rendering/attraction_image/123694/trim.900/3/2?v=e091fb5e3d9081fc22ca81887631fe7920a5c229,37.14764409673726,138.38750638728027,妙高・上越・糸魚川エリア,"フルーツ・野菜収穫, 市場・産直",情報なし,情報なし,情報がありません,２０２３年９月下旬（予定）まで,情報がありません,フルーツ・野菜収穫
443,https://niigata-kankou.or.jp/spot/5679,村川観光栗園【栗・サツマイモ】,https://niigata-kankou.or.jp/image/rendering/attraction_image/8626/trim.900/3/2?v=5186e6c4df6885652d08ac671ba45b4a580c5ab1,37.6726031,139.1696721,新潟・阿賀エリア,"フルーツ・野菜収穫, 農家レストラン","夫婦, 女性, ファミリー","味覚狩り, 栗拾い, サツマイモ掘り",情報がありません,2023年9月中旬～10月中旬,"軍手や長靴（汚れてもいい靴）などは各自ご準備ください。_x000D_
もちつきは中止しています。",フルーツ・野菜収穫
444,https://niigata-kankou.or.jp/spot/5604,白根大郷梨中村観光果樹園,https://niigata-kankou.or.jp/image/rendering/attraction_image/8689/trim.900/3/2?v=c31c22b1c6d70aa2e6863cfbe902d1af89fb4d48,37.80525726,139.0570431,新潟・阿賀エリア,フルーツ・野菜収穫,情報なし,"味覚狩り, 梨狩り, ぶどう狩り, 桃狩り",情報がありません,2023年7月中旬～11月上旬,休憩所完備（雨天OK）,フルーツ・野菜収穫
447,https://niigata-kankou.or.jp/spot/5600,池田観光果樹園,https://niigata-kankou.or.jp/image/rendering/attraction_image/8740/trim.900/3/2?v=06a20f364124b68de192cfd9d6af79c1e1445322,37.68693568,138.9839843,新潟・阿賀エリア,フルーツ・野菜収穫,情報なし,"味覚狩り, ぶどう狩り, 梨狩り, いちご狩り",情報がありません,2023年2月11日（土曜日）～6月下旬,"送迎を希望される方はお問い合わせください_x000D_
休憩所完備（雨天OK）",フルーツ・野菜収穫
453,https://niigata-kankou.or.jp/spot/10018,岩渕伸果園,https://niigata-kankou.or.jp/image/rendering/attraction_image/26615/trim.900/3/2?v=13572e98bf4da67e354c001e318746919ae25e47,37.971293,139.272518,村上・新発田エリア,"グルメ・ガストロノミー, フルーツ・野菜収穫","夫婦, 女性, ファミリー","味覚狩り, さくらんぼ狩り",情報がありません,情報がありません,情報がありません,フルーツ・野菜収穫
459,https://niigata-kankou.or.jp/spot/9895,丸渕観光わらび園,https://niigata-kankou.or.jp/image/rendering/attraction_image/13899/trim.900/3/2?v=99dd05216d3b049f3c7fcdc8421cfefb4e1329f0,37.5642132,139.5291178,新潟・阿賀エリア,フルーツ・野菜収穫,"夫婦, 女性, ファミリー",情報なし,情報がありません,情報がありません,情報がありません,フルーツ・野菜収穫
460,https://niigata-kankou.or.jp/spot/11710,六日町温泉,https://niigata-kankou.or.jp/image/rendering/attraction_image/3694/trim.900/3/2?v=d7c940b837fe92358ca7f03b1eec477212e5277f,37.06663363221384,138.87551275099224,湯沢・魚沼エリア,温泉地,情報なし,情報なし,情報がありません,情報がありません,"【六日町温泉】_x000D_
●泉質：ナトリウム-塩化物温泉(低張性弱アルカリ性高温泉)_x000D_
●適応症：きりきず、末梢循環障害、冷え症　ほか_x000D_
●泉温：51～53度_x000D_
【ほてる 木の芽坂】_x000D_
●泉質：単純温泉(低張性弱アルカリ性高温泉(低張性弱アルカリ性高温泉)_x000D_
●適応症：自律神経不安定症、不眠症、うつ状態",温泉・サウナ
461,https://niigata-kankou.or.jp/spot/15243,いちごはうす,https://niigata-kankou.or.jp/image/rendering/attraction_image/139758/trim.900/3/2?v=55998f54810bdf9202c0d2f3598d9690587d33ba,37.162442640029,138.73499935884,湯沢・魚沼エリア,"フルーツ・野菜収穫,食 ","夫婦, 女性, ファミリー",いちご狩り,情報がありません,2023年3月11日より営業開始（例年：2月上旬～5月中旬）,情報がありません,フルーツ・野菜収穫
469,https://niigata-kankou.or.jp/spot/13452,雪国アグリパーク　湯沢いちご村,https://niigata-kankou.or.jp/image/rendering/attraction_image/129684/trim.900/3/2?v=2c00f421f8a17df5f0ad1ba602e21e38337a7e08,36.93761931840135,138.82307333524824,湯沢・魚沼エリア,"フルーツ・野菜収穫, 食べる",情報なし,いちご狩り,情報がありません,2023年1月14日（土曜日）～6月下旬,"・ご予約はお受付できません。いちごがなくなり次第閉園となります。_x000D_
・団体でのご利用は、お電話でご連絡ください。_x000D_
・いちごの生育状況、施設の営業状況はいちご村HPのブログよりご確認いただけます。",フルーツ・野菜収穫
473,https://niigata-kankou.or.jp/spot/42518,天領盃酒造,https://niigata-kankou.or.jp/image/rendering/attraction_image/64799/trim.900/3/2?v=5ac5d83bf6d0f5d55b8432e2b78d6ffd6ecbf42b,38.0808382,138.41782710000007,佐渡エリア,"酒蔵見学, 地酒・地ビール・ワイン, おみやげ",情報なし,情報なし,情報がありません,情報がありません,情報がありません,酒蔵見学
479,https://niigata-kankou.or.jp/spot/7436,水の公園・福島潟水の駅「ビュー福島潟」,https://niigata-kankou.or.jp/image/rendering/attraction_image/2283/trim.900/3/2?v=9fc3623926fc8e92410ce7fac5d28624ab6cd0b3,37.914487283977365,139.23978364421634,新潟・阿賀エリア,"公園,動植物園・水族館,歴史・文化",情報なし,情報なし,情報がありません,情報がありません,情報がありません,動植物園・水族館
485,https://niigata-kankou.or.jp/spot/11589,出湯温泉（五頭温泉郷）,https://niigata-kankou.or.jp/image/rendering/attraction_image/22168/trim.900/3/2?v=610eabf111813e7157181dba2071c3f1d2a8a6d7,37.8184,139.300439,新潟・阿賀エリア,温泉地,情報なし,情報なし,情報がありません,情報がありません,"●泉質：含重曹単純泉
●主な効能：アトピー性皮膚炎、神経痛、筋肉痛、関節痛など
●泉温：40度",温泉・サウナ
487,https://niigata-kankou.or.jp/spot/11347,咲花温泉,https://niigata-kankou.or.jp/image/rendering/attraction_image/13458/trim.900/3/2?v=bf7662893b8b8dc6214b4e7ed81b08137b06a56c,37.736375,139.29304219999995,新潟・阿賀エリア,"温泉・宿・サウナ, 温泉地, 新潟県の桜・お花見ガイド",情報なし,咲花温泉,"新潟県の桜・お花見ガイドの最新状況: 終わり
新潟県の桜・お花見ガイドのシーズン: 4月中旬～4月下旬",情報がありません,"「咲花きなせ堤河床」_x000D_
阿賀野川を眺めながら食事も出来る高床式ウッドデッキです。",温泉・サウナ
491,https://niigata-kankou.or.jp/spot/10701,六日町八海山スキー場,https://niigata-kankou.or.jp/image/rendering/attraction_image/14102/trim.900/3/2?v=f2d2569bc45d87303367646fd347aed2bf822080,37.10745458,138.9774746,湯沢・魚沼エリア,スキー・スノーアクティビティ,情報なし,情報なし,情報がありません,"2023年12月23日（土曜日） オープン予定_x000D_
2024年3月31日（日曜日）クローズ予定",情報がありません,スキー・スノーアクティビティ
492,https://niigata-kankou.or.jp/spot/10679,シャルマン火打スキー場,https://niigata-kankou.or.jp/image/rendering/attraction_image/106398/trim.900/3/2?v=7b54583ec337fc70606792b2ac1ffb6f0fcba740,36.92267282,138.0681235,妙高・上越・糸魚川エリア,スキー・スノーアクティビティ,情報なし,情報なし,情報がありません,"2023年12月15日（金曜日） オープン予定_x000D_
2024年5月5日（日曜日）クローズ予定",情報がありません,スキー・スノーアクティビティ
494,https://niigata-kankou.or.jp/spot/10015,大谷農園,https://niigata-kankou.or.jp/image/rendering/attraction_image/29898/trim.900/3/2?v=67770a947d7814e2855ca5c307de7e5c5579aef9,37.960043,139.265345,村上・新発田エリア,"フルーツ・野菜収穫, グルメ・ガストロノミー","夫婦, 女性, ファミリー","味覚狩り, ぶどう狩り, さくらんぼ狩り",情報がありません,2023年9月1日～10月中旬,"●聖籠町観光さくらんぼ園協議会員_x000D_
●聖籠町観光ぶどう園協議会員",フルーツ・野菜収穫
495,https://niigata-kankou.or.jp/spot/10030,ケンズグレープガーデン,https://niigata-kankou.or.jp/image/rendering/attraction_image/8765/trim.900/3/2?v=13d5a3f227adc27e346238a672d30fbb2ba048dc,37.958977,139.263924,村上・新発田エリア,フルーツ・野菜収穫,ユニバーサルデザイン情報有,"味覚狩り, ぶどう狩り",情報がありません,2023年8月19日（土曜日）～10月8日（日曜日）,情報がありません,フルーツ・野菜収穫
498,https://niigata-kankou.or.jp/spot/10674,斑尾高原スキー場,https://niigata-kankou.or.jp/image/rendering/attraction_image/8841/trim.900/3/2?v=fa1d85e75f62550a1c6da8673569c272a5ecbfe6,36.852331,138.290505,妙高・上越・糸魚川エリア,スキー・スノーアクティビティ,託児所有,情報なし,情報がありません,"2023年12月16日（土曜日） オープン予定_x000D_
2024年3月31日（日曜日）クローズ予定",情報がありません,スキー・スノーアクティビティ
500,https://niigata-kankou.or.jp/spot/9892,九島観光栗園,https://niigata-kankou.or.jp/image/rendering/attraction_image/10508/trim.900/3/2?v=3c345e3f3f6a8cc093ba5c36b25b6411757207ca,37.64859017,139.4799122,新潟・阿賀エリア,フルーツ・野菜収穫,"夫婦, 女性, ファミリー","味覚狩り, 栗拾い",情報がありません,2023年9月27日（水曜日）～10月中旬,情報がありません,フルーツ・野菜収穫
502,https://niigata-kankou.or.jp/spot/10109,①季節の梨狩り,https://niigata-kankou.or.jp/image/rendering/attraction_image/135581/trim.900/3/2?v=c0ad71b57b9999e2b104eef72e4b59406a268d8a,37.683135,138.968366,弥彦・燕三条エリア,フルーツ・野菜収穫,情報なし,"味覚狩り, 梨狩り",情報がありません,2023年8月上旬～10月下旬,情報がありません,フルーツ・野菜収穫
504,https://niigata-kankou.or.jp/spot/42849,カンガス ブルーベリーファーム　ブルーベリー狩り,https://niigata-kankou.or.jp/image/rendering/attraction_image/122706/trim.900/3/2?v=898349eec0c2b08d4ed033bcc2cc82b3f35c5e8d,38.07141319999999,139.3446636,村上・新発田エリア,フルーツ・野菜収穫,情報なし,ブルーベリー狩り,情報がありません,情報がありません,摘み取り　100g　200円／販売　100g　250円,フルーツ・野菜収穫
508,https://niigata-kankou.or.jp/spot/11370,蓬平温泉,https://niigata-kankou.or.jp/image/rendering/attraction_image/153432/trim.900/3/2?v=45dd355834881515429a02b3efa4cd7468c65be0,37.36442118,138.8903048,長岡・柏崎エリア,温泉地,情報なし,情報なし,情報がありません,情報がありません,"長岡の奥座敷、蓬平地区。泉質の違う3軒の宿はいずれも美肌効果抜群のお湯。地区内にある「高龍神社」は全国から商売繁盛・家内安全を祈願する参拝者が訪れます。_x000D_
和泉屋：0258-23-2231　_x000D_
福引屋：0258-23-2221_x000D_
よもやま館：0258-23-2121",温泉・サウナ
509,https://niigata-kankou.or.jp/spot/40085,長岡市営スキー場【2023年3月5日(日曜日)営業終了】,https://niigata-kankou.or.jp/image/rendering/attraction_image/153275/trim.900/3/2?v=9e02e09e8a1f9b72f761e193a940d63a811c420f,37.4152969,138.89126580000004,長岡・柏崎エリア,スキー・スノーアクティビティ,情報なし,情報なし,情報がありません,"2022年12月29日(木曜日)～2023年1月9日(祝日)、14日(土曜日)～2月26日(日曜日)(1月16日からの月曜日、2月21日(火曜日)・22日(水曜日)・24日(金曜日)を除く）3月4日(土曜日)・5日(日曜日)【降雪状況により変更する場合があります】
_x000D_
休業日＝12月26日(月曜日)～12月28日(水曜日)・1月10日(火曜日)～1月13日(金曜日)・1/16(月曜日)～2月13日(月曜日)の月曜日・2月20日(月曜日)～2月22日(水曜日)・2月24日(金曜日)・2月27日(月曜日)～3月3日(金曜日)","●長岡スキー学校開校日は、営業期間の土･日･祝日･年末年始
_x000D_
●【シニアデー（60歳以上リフト無料）】_x000D_
2023年1月8日（日曜日）、2月12日（日曜日）_x000D_
●【スキーこどもの日（小学生以下リフト無料）】_x000D_
2023年1月15日（日曜日）、2月19日（日曜日）",スキー・スノーアクティビティ
512,https://niigata-kankou.or.jp/spot/43627,樽ケ橋遊園でツリーイング体験,https://niigata-kankou.or.jp/image/rendering/attraction_image/113890/trim.900/3/2?v=0ce4ac15250bedf70c93335c6d79e1986cf2b102,38.0626274,139.4532076,村上・新発田エリア,"自然体験, 動植物園・水族館","夫婦, 女性, ファミリー, 授乳室有",情報なし,情報がありません,4月～11月,"・持ち物　長袖、長ズボン、運動靴、足首の隠れる靴下_x000D_
・参加対象者　４歳以上の方_x000D_
​・未就学児の方が参加される場合、必ず保護者も１名以上ご参加ください。_x000D_
・事前予約を受け付けています。_x000D_
・また、空きがあれば当日直接会場でお申込みいただくこともできます。_x000D_
・時間帯によっては、混み合いますので、体験いただくまでお待ちいただく場合がございます。​_x000D_
・天候によっては中止となる場合があります。あらかじめご承知おきください。​_x000D_
・樽ケ橋遊園への入園料が別途発生しますのでご注意ください。",動植物園・水族館
518,https://niigata-kankou.or.jp/spot/41540,久保田農園【さくらんぼ狩り】,https://niigata-kankou.or.jp/image/rendering/attraction_image/26766/trim.900/3/2?v=d6f0b3885ee2bb91547e7cd6e98bc4c3d9b39344,37.6913462,139.06722519999994,弥彦・燕三条エリア,"フルーツ・野菜収穫, グルメ・ガストロノミー","夫婦, 女性, ファミリー","味覚狩り, さくらんぼ狩り, りんご狩り",情報がありません,2023年6月中旬～6月下旬,情報がありません,フルーツ・野菜収穫
520,https://niigata-kankou.or.jp/spot/10244,出雲崎いちご畑,https://niigata-kankou.or.jp/image/rendering/attraction_image/19447/trim.900/3/2?v=ab218af432ac6cd37a2df4728370aabf7c5eec88,37.511462,138.704796,長岡・柏崎エリア,"食べる, フルーツ・野菜収穫",情報なし,いちご狩り,情報がありません,2023年3月上旬〜５月下旬,来園前に電話等で生育状況等を確認してください。,フルーツ・野菜収穫
531,https://niigata-kankou.or.jp/spot/43595,安田興和農事イチゴ園,https://niigata-kankou.or.jp/image/rendering/attraction_image/110995/trim.900/3/2?v=fcd26527e9f2c1a372dce405982e758a6832ff2d,37.7907002,139.2427097,新潟・阿賀エリア,"フルーツ・野菜収穫, 農業体験",情報なし,いちご狩り,情報がありません,2023年3月下旬～5月中旬,情報がありません,フルーツ・野菜収穫
547,https://niigata-kankou.or.jp/spot/42617,佐渡金銀山ガイダンス施設「きらりうむ佐渡」,https://niigata-kankou.or.jp/image/rendering/attraction_image/65281/trim.900/3/2?v=838020e1cf31998beb3565b0bccdffc9ab6e9bdc,38.0299917,138.24060199999997,情報なし,"歴史・文化, 観光施設",情報なし,情報なし,情報がありません,情報がありません,デジタルアーカイブ、ガイドアプリは英語、中国語（簡体、繁体）、韓国語の4か国語対応。,観光施設
550,https://niigata-kankou.or.jp/spot/42515,逸見酒造,https://niigata-kankou.or.jp/image/rendering/attraction_image/64776/trim.900/3/2?v=a11a8b54c040573e930ee58e4f1f062c1ebf7210,37.9737844,138.34815709999998,佐渡エリア,"グルメ・ガストロノミー, 酒蔵見学",情報なし,情報なし,情報がありません,情報がありません,情報がありません,酒蔵見学
552,https://niigata-kankou.or.jp/spot/31176,月あかりの庭,https://niigata-kankou.or.jp/image/rendering/attraction_image/10780/trim.900/3/2?v=14ee4dc2f02a4fe03d07df2e793bffc064d88c0c,37.87977219890306,139.3107651206543,村上・新発田エリア,"公園, 温泉地","夫婦, 女性, ファミリー",情報なし,情報がありません,情報がありません,情報がありません,温泉・サウナ
557,https://niigata-kankou.or.jp/spot/10008,株式会社Ripifarm 高橋巨峰園,https://niigata-kankou.or.jp/image/rendering/attraction_image/8751/trim.900/3/2?v=d35137041e7e4df3407fd7ed575720bec9eb6fac,37.960436,139.265152,村上・新発田エリア,フルーツ・野菜収穫,情報なし,"味覚狩り, ぶどう狩り",情報がありません,2023年9月1日～10月中旬,【聖籠町観光ぶどう園協議会員】,フルーツ・野菜収穫
558,https://niigata-kankou.or.jp/spot/10023,岩良農園,https://niigata-kankou.or.jp/image/rendering/attraction_image/19188/trim.900/3/2?v=4ba4ef4e147eacbe20ae770f0a684d12bc6f53a0,37.959155,139.26585,村上・新発田エリア,フルーツ・野菜収穫,情報なし,"味覚狩り, ぶどう狩り",情報がありません,2023年9月1日～10月中旬,情報がありません,フルーツ・野菜収穫
559,https://niigata-kankou.or.jp/spot/12413,淡路農園,https://niigata-kankou.or.jp/image/rendering/attraction_image/19176/trim.900/3/2?v=b64ecfe03475833f344231224cd267132d4a3517,37.95994955017673,139.2667635222185,村上・新発田エリア,フルーツ・野菜収穫,情報なし,"ぶどう狩り, 味覚狩り",情報がありません,2023年9月1日～10月中旬,巨峰、紅瑞宝、ロザリオビアンコ、シャインマスカット、シナノスマイル、スチューベン、キャンベルアーリーなど約15種類,フルーツ・野菜収穫
561,https://niigata-kankou.or.jp/spot/12257,ぶどうスキー場,https://niigata-kankou.or.jp/image/rendering/attraction_image/3732/trim.900/3/2?v=da00c1943bf3eb4781c6e51ece241ead3dfba27d,38.3900577,139.5548786,村上・新発田エリア,スキー・スノーアクティビティ,情報なし,情報なし,情報がありません,"2023年12月23日（土曜日）オープン予定_x000D_
2024年3月3日（日曜日）クローズ予定",情報がありません,スキー・スノーアクティビティ
562,https://niigata-kankou.or.jp/spot/10007,小林農園,https://niigata-kankou.or.jp/image/rendering/attraction_image/8752/trim.900/3/2?v=ac424fdf56a02531b83772cb8a5da1a7dd273d7e,37.960356,139.267448,村上・新発田エリア,フルーツ・野菜収穫,情報なし,"味覚狩り, ぶどう狩り",情報がありません,2023年9月1日～9月下旬,"●受入人数：最大50人まで
_x000D_
【聖籠町観光ぶどう園協議会員】",フルーツ・野菜収穫
565,https://niigata-kankou.or.jp/spot/10010,坂上ぶどう園,https://niigata-kankou.or.jp/image/rendering/attraction_image/8706/trim.900/3/2?v=f97da1e488192fdc1681ab033ac2d1456ba12d37,37.961352,139.26825,村上・新発田エリア,フルーツ・野菜収穫,情報なし,"味覚狩り, ぶどう狩り",情報がありません,2023年9月1日～10月上旬,情報がありません,フルーツ・野菜収穫
566,https://niigata-kankou.or.jp/spot/10013,天野さくらんぼ狩り園,https://niigata-kankou.or.jp/image/rendering/attraction_image/145765/trim.900/3/2?v=313dcd12a7c172bbaf93505e08e549acb1ba6ce1,37.9612980,139.27011816,村上・新発田エリア,"グルメ・ガストロノミー, フルーツ・野菜収穫","夫婦, 女性, ファミリー","味覚狩り, さくらんぼ狩り",情報がありません,情報がありません,300坪の畑でも半日で無くなりますので、直売所で当日の食べ頃の畑をご案内します。,フルーツ・野菜収穫
567,https://niigata-kankou.or.jp/spot/10017,田中農園,https://niigata-kankou.or.jp/image/rendering/attraction_image/29902/trim.900/3/2?v=d11df264f23dc80faaac4a0bb774d53338ab58b4,37.959705,139.266429,村上・新発田エリア,フルーツ・野菜収穫,情報なし,"味覚狩り, ぶどう狩り",情報がありません,2023年9月1日（金曜日）～9月下旬,"●受入人数：最大30名様まで_x000D_
【聖籠町観光ぶどう園協議会員】",フルーツ・野菜収穫
569,https://niigata-kankou.or.jp/spot/5677,今井観光栗園,https://niigata-kankou.or.jp/image/rendering/attraction_image/8622/trim.900/3/2?v=597769999bd791dc3cc39b45289f1a1e7a0c04aa,37.6853109,139.1192806,新潟・阿賀エリア,フルーツ・野菜収穫,"夫婦, 女性, ファミリー","味覚狩り, 栗拾い",情報がありません,2023年9月9日（土曜日）～10月上旬,情報がありません,フルーツ・野菜収穫
571,https://niigata-kankou.or.jp/spot/7232,荒川峡ブドウ園,https://niigata-kankou.or.jp/image/rendering/attraction_image/29900/trim.900/3/2?v=a1ff3c63405316369f715b26b13ed886808cb424,38.08852213,139.5855365,村上・新発田エリア,フルーツ・野菜収穫,情報なし,"味覚狩り, ぶどう狩り",情報がありません,2023年8月29日（火曜日）～9月下旬,情報がありません,フルーツ・野菜収穫
572,https://niigata-kankou.or.jp/spot/12441,松之山温泉郷,https://niigata-kankou.or.jp/image/rendering/attraction_image/156466/trim.900/3/2?v=482f80de15d81f86b8851eb41b3cf8ff230bffe8,37.06469768402,138.5990524292,湯沢・魚沼エリア,温泉地,情報なし,情報なし,情報がありません,情報がありません,"●泉質：ナトリウム・カルシウム-塩化物泉_x000D_
 ●主な効能：筋肉痛、関節痛、冷え性、疲労回復等_x000D_
 ●泉温：約90度",温泉・サウナ
579,https://niigata-kankou.or.jp/spot/43099,あてま森と水辺の教室ポポラ,https://niigata-kankou.or.jp/image/rendering/attraction_image/152230/trim.900/3/2?v=2bc9b1771a53aa1e22c880d9b5a53f31a1c92c37,37.0482375,138.7384735,湯沢・魚沼エリア,"観光施設, 自然体験",情報なし,情報なし,情報がありません,情報がありません,情報がありません,観光施設
581,https://niigata-kankou.or.jp/spot/14405,寺泊温泉（寺泊温泉郷）,https://niigata-kankou.or.jp/image/rendering/attraction_image/151655/trim.900/3/2?v=1c0a0abde90c9f35148f193a8c43d31f3c8c5150,37.67211935540132,138.78139265767211,長岡・柏崎エリア,温泉地,情報なし,情報なし,情報がありません,情報がありません,"●泉質：ナトリウム-塩化物泉
●効能：神経痛、筋肉痛、慢性皮膚病、慢性婦人病、疲労回復",温泉・サウナ
599,https://niigata-kankou.or.jp/spot/10243,アドバンファームしばた,https://niigata-kankou.or.jp/image/rendering/attraction_image/19508/trim.900/3/2?v=4e8b744c17f39f98746761c611f182050edc9667,37.915205,139.333549,村上・新発田エリア,"フルーツ・野菜収穫, 食べる","夫婦, 女性, ファミリー",いちご狩り,情報がありません,2023年2月17日（金曜日）～5月下旬,情報がありません,フルーツ・野菜収穫
601,https://niigata-kankou.or.jp/spot/7034,越つかの酒造（株）／「代々泉」,https://niigata-kankou.or.jp/image/rendering/attraction_image/22771/trim.900/3/2?v=912983455295bbac146ba62cef9aeda82313af90,37.79685,139.197845,新潟・阿賀エリア,"地酒・地ビール・ワイン,おみやげ,酒蔵見学,体験",情報なし,情報なし,情報がありません,情報がありません,情報がありません,酒蔵見学
610,https://niigata-kankou.or.jp/spot/7043,笹祝酒造（株）／「笹祝」,https://niigata-kankou.or.jp/image/rendering/attraction_image/122193/trim.900/3/2?v=25830cc56b3dd751611a932a5d2979b496898a52,37.79728,138.87164,新潟・阿賀エリア,"グルメ・ガストロノミー, ショッピング, 地酒・地ビール・ワイン, 酒蔵見学",情報なし,情報なし,情報がありません,情報がありません,※酒蔵見学は受け付けておりません。,酒蔵見学
617,https://niigata-kankou.or.jp/spot/5703,下条川ダム,https://niigata-kankou.or.jp/image/rendering/attraction_image/1516/trim.900/3/2?v=2493bb0a979daa913790e778410e8e874421ab12,37.6312835,139.0636325,弥彦・燕三条エリア,"自然・景観,釣り,動植物園・水族館,新潟県の桜・お花見ガイド,川・滝・湖",ユニバーサルデザイン情報有,情報なし,情報がありません,情報がありません,"●通常深度：14.5m_x000D_
●最高深度：21.5m",動植物園・水族館
618,https://niigata-kankou.or.jp/spot/5605,マミヤ園,https://niigata-kankou.or.jp/image/rendering/attraction_image/29731/trim.900/3/2?v=e924edbd3aff149ade726793536fdc896f8ef66c,37.694688,138.981857,新潟・阿賀エリア,フルーツ・野菜収穫,情報なし,"味覚狩り, ぶどう狩り, 梨狩り",情報がありません,※休園中,情報がありません,フルーツ・野菜収穫
625,https://niigata-kankou.or.jp/spot/8913,尾畑酒造,https://niigata-kankou.or.jp/image/rendering/attraction_image/62363/trim.900/3/2?v=c8c5052d7a4c6e4285370f6b2a0edaed3660d040,37.9632971,138.34480359999998,佐渡エリア,"酒蔵見学, 地酒・地ビール・ワイン, おみやげ",情報なし,情報なし,情報がありません,情報がありません,ビデオにて酒造り工程をご紹介,酒蔵見学
642,https://niigata-kankou.or.jp/spot/10027,坂正農園,https://niigata-kankou.or.jp/image/rendering/attraction_image/29901/trim.900/3/2?v=be806c9800a1da4b9ba3396ee0a499f5e032029d,37.960466,139.263586,村上・新発田エリア,フルーツ・野菜収穫,情報なし,"味覚狩り, ぶどう狩り",情報がありません,2023年9月1日～10月中旬,情報がありません,フルーツ・野菜収穫
643,https://niigata-kankou.or.jp/spot/10022,誠樹園,https://niigata-kankou.or.jp/image/rendering/attraction_image/22356/trim.900/3/2?v=237eca808fc017d281a0fbe9afab13259e2fbfa6,37.960271,139.266472,村上・新発田エリア,フルーツ・野菜収穫,情報なし,"味覚狩り, ぶどう狩り",情報がありません,2023年9月1日～10月中旬,情報がありません,フルーツ・野菜収穫
646,https://niigata-kankou.or.jp/spot/10191,まるはん伊藤農園,https://niigata-kankou.or.jp/image/rendering/attraction_image/24045/trim.900/3/2?v=338fc55ccda5d7d0559dc77685f708b9c8656079,37.962208,139.266365,村上・新発田エリア,フルーツ・野菜収穫,情報なし,"味覚狩り, ぶどう狩り",情報がありません,2023年9月1日（金曜日）～10月中旬,"※ブドウが無くなり次第営業終了となります。そのため、状況によっては営業期間が早く終了する場合があります。_x000D_
※お越しになる前にブドウの状況をご確認ください。",フルーツ・野菜収穫
647,https://niigata-kankou.or.jp/spot/10190,ファームくじらなみ／いちご狩り,https://niigata-kankou.or.jp/image/rendering/attraction_image/8964/trim.900/3/2?v=15a6751ace9cf2fb03f34b3a68530204a8efa0e3,37.3508549,138.5110724,長岡・柏崎エリア,"フルーツ・野菜収穫, 市場・産直",ユニバーサルデザイン情報有,"いちご狩り, ブルーベリー狩り",情報がありません,2023年1月7日（土曜日）～6月下旬,情報がありません,フルーツ・野菜収穫
653,https://niigata-kankou.or.jp/spot/43089,にとこみえーる館,https://niigata-kankou.or.jp/image/rendering/attraction_image/150939/trim.900/3/2?v=db38f753b11ad50f6083b2341adc7c19c90d4c89,37.6858526,138.7943717,長岡・柏崎エリア,観光施設,情報なし,情報なし,情報がありません,情報がありません,情報がありません,観光施設
656,https://niigata-kankou.or.jp/spot/10182,新潟市岩室観光施設 いわむろや,https://niigata-kankou.or.jp/image/rendering/attraction_image/3099/trim.900/3/2?v=2a131134fc58762074762db035d9d49b24d3a3de,37.745811,138.849506,新潟・阿賀エリア,"観光施設, 観光案内所",情報なし,情報なし,情報がありません,情報がありません,情報がありません,観光施設
659,https://niigata-kankou.or.jp/spot/7342,瑞穂農園,https://niigata-kankou.or.jp/image/rendering/attraction_image/19196/trim.900/3/2?v=1a89bc58ad324b0c2dad9859ef52b6598f546431,37.97698689,139.2768372,村上・新発田エリア,フルーツ・野菜収穫,情報なし,"味覚狩り, ぶどう狩り, 梨狩り",情報がありません,2023年8月下旬～10月下旬,●受入可能人数100人まで,フルーツ・野菜収穫
664,https://niigata-kankou.or.jp/spot/10071,斉藤いちご園／いちご狩り体験,https://niigata-kankou.or.jp/image/rendering/attraction_image/135561/trim.900/3/2?v=a54febe22e0e1eedff938f3c481a044fefb04b91,37.679668,138.91334,弥彦・燕三条エリア,"フルーツ・野菜収穫, おみやげ",情報なし,いちご狩り,情報がありません,2023年3月1日（水曜日）～5月下旬,情報がありません,フルーツ・野菜収穫
668,https://niigata-kankou.or.jp/spot/10695,胎内リゾート,https://niigata-kankou.or.jp/image/rendering/attraction_image/3331/trim.900/3/2?v=fcb01a98a6f0c9ab866f7a511ffe631a043184ef,38.021929,139.500446,村上・新発田エリア,"観光施設, 新潟県の紅葉スポット",情報なし,情報なし,"新潟県の紅葉スポットの最新状況: やや見ごろ
新潟県の紅葉スポットのシーズン: 10月下旬～11月中旬",情報がありません,10月下旬～11月中旬,観光施設
684,https://niigata-kankou.or.jp/spot/7174,重文若林家住宅,https://niigata-kankou.or.jp/image/rendering/attraction_image/41337/trim.900/3/2?v=9a3c35f93fdd12751f29e158836533085ab5b253,38.22615518,139.4810603,村上・新発田エリア,"史跡・文化財, 庭園, 観光施設",情報なし,情報なし,情報がありません,情報がありません,"【国指定重要文化財】_x000D_
●種別：建造物_x000D_
●名称：若林家住宅_x000D_
●指定年月日：昭和52年1月28日、（追加）平成3年5月31日_x000D_
●時代：江戸後",観光施設
686,https://niigata-kankou.or.jp/spot/11590,村杉温泉（五頭温泉郷）,https://niigata-kankou.or.jp/image/rendering/attraction_image/22149/trim.900/3/2?v=b14e0e2bfc68ac5c5a004f97385ee98e5c72f78f,37.807411,139.292307,新潟・阿賀エリア,温泉地,情報なし,情報なし,情報がありません,情報がありません,"●泉質：ラジウム泉
●主な効能：神経痛、リウマチ、婦人病
●泉温：25.2度",温泉・サウナ
692,https://niigata-kankou.or.jp/spot/43382,塩の湯温泉,https://niigata-kankou.or.jp/image/rendering/attraction_image/139331/trim.900/3/2?v=c9f8abc1a250fd99c445d5e41c25cf86c0c59f53,38.053626727622884,139.32316321964342,村上・新発田エリア,"日帰り温泉, 温泉地, スパ・足湯","夫婦, 女性, ファミリー",情報なし,情報がありません,情報がありません,情報がありません,温泉・サウナ
696,https://niigata-kankou.or.jp/spot/10726,高柳ガルルのスキー場,https://niigata-kankou.or.jp/image/rendering/attraction_image/8938/trim.900/3/2?v=8f07edefcf067a9293f0a8b67186769782b6d1a8,37.2225686,138.6372156,長岡・柏崎エリア,スキー・スノーアクティビティ,情報なし,情報なし,情報がありません,"2023年12月23日（土曜日） オープン予定_x000D_
2024年3月10日（日曜日）クローズ予定",※スキー場オープン期間外のお問い合わせは、新潟県立子ども自然王国（電話：0257-41-3355）へお願いいたします。,スキー・スノーアクティビティ
699,https://niigata-kankou.or.jp/spot/10672,休暇村妙高ルンルンスキー場,https://niigata-kankou.or.jp/image/rendering/attraction_image/160184/trim.900/3/2?v=38da7e407746429f42cf6ef1cecc1f71ae104ce9,36.91187812,138.1703591,妙高・上越・糸魚川エリア,スキー・スノーアクティビティ,情報なし,情報なし,情報がありません,"2023年12月23日（土曜日） オープン予定_x000D_
2024年3月24日（日曜日）クローズ予定",情報がありません,スキー・スノーアクティビティ
718,https://niigata-kankou.or.jp/spot/5832,寺泊水族博物館,https://niigata-kankou.or.jp/image/rendering/attraction_image/127266/trim.900/3/2?v=528f03a9881b9818a23aa04a57ce8f78b6d24429,37.6337803,138.7602582,長岡・柏崎エリア,動植物園・水族館,情報なし,情報なし,情報がありません,情報がありません,"【レシート割引実施中!!】「水族館は２度目がお得！」レシート割引のお知らせ_x000D_
チケット購入時に割引券付きレシートを発行しております。_x000D_
●ご利用いただける期間：割引券付きレシートの発行日翌日から６ヶ月間_x000D_
●割引後の入館料：一般５００円・中学生３００円・小学生２５０円・幼児１５０円_x000D_
※割引券付きレシート１枚で５名様まで割引が適用されます。",動植物園・水族館
720,https://niigata-kankou.or.jp/spot/42281,光の館,https://niigata-kankou.or.jp/image/rendering/attraction_image/140992/trim.900/3/2?v=0e33e592f04eaa2a99fde6435ab223cf3fffbb66,37.1891644,138.7297739,湯沢・魚沼エリア,"美術館・博物館, 大地の芸術祭, 温泉・宿・サウナ",ガイドサービス有,情報なし,情報がありません,情報がありません,"定員 16名（宿泊）_x000D_
※宿泊される方へ　チェックイン時間は日没のライトプログラム開始時間に間に合うように変更しています。時間厳守でお願いいたします。",温泉・サウナ
743,https://niigata-kankou.or.jp/spot/11683,椎崎温泉,https://niigata-kankou.or.jp/image/rendering/attraction_image/23152/trim.900/3/2?v=c820d643ff4207d828dd8e9dae2d4564b6fe338c,38.065663,138.441896,佐渡エリア,"温泉地, 日帰り温泉",情報なし,情報なし,情報がありません,情報がありません,"●泉質：ナトリウム塩化物温泉_x000D_
●主な効能：神経痛・筋肉痛・関節痛・五十肩・運動麻痺・関節のこわばり・うちみ・くじき・消化器病等_x000D_
●泉温：57℃_x000D_
●湧湯量：1日500トン",温泉・サウナ
744,https://niigata-kankou.or.jp/spot/11588,今板温泉（五頭温泉郷）,https://niigata-kankou.or.jp/image/rendering/attraction_image/22153/trim.900/3/2?v=0d27f78926a4313807904b6bca34f6b95b311fb3,37.806561,139.293769,新潟・阿賀エリア,"温泉地, 温泉宿泊施設",情報なし,情報なし,情報がありません,情報がありません,"●泉質：単純泉低張緩和性鉱泉
●主な効能：皮膚病、脚気、胃腸病
●泉温：26度",温泉・サウナ
758,https://niigata-kankou.or.jp/spot/41778,奥胎内ヒュッテ,https://niigata-kankou.or.jp/image/rendering/attraction_image/25789/trim.900/3/2?v=92b0e8133f4a38e87adbb41e91d7a8e55a2ce221,37.92401999,139.54064,村上・新発田エリア,"絶景・景勝地・天然記念物, 温泉地, 山・谷",情報なし,情報なし,情報がありません,情報がありません,"○レストランでは、夏にはさわやかな緑、秋にはすばらしい紅葉が眺められるテラスで、ゆっくりと贅沢なひと時を過ごすことができます。_x000D_
○大浴場では広々とした浴場から眺められる木々は、春～秋で徐々に表情を変えます。開放的なガラス越しの景色はまるで露天風呂にいるかのようです。_x000D_
〇レンタルハンモックチェア(1時間600円)　奥胎内の大自然に囲まれ、ハンモックチェアでごゆっくりおくつろぎください。_x000D_
○各種宿泊プランや日帰りプランもありますのでHPをご確認下さい。",温泉・サウナ
767,https://niigata-kankou.or.jp/spot/8495,シーサイドパーク名立,https://niigata-kankou.or.jp/image/rendering/attraction_image/153211/trim.900/3/2?v=04730236c74aa5eef0f3d233612548b2eec80b1a,37.16174722807263,138.09817794846208,妙高・上越・糸魚川エリア,"遊び,アウトドア・スポーツ,観光施設",情報なし,情報なし,情報がありません,情報がありません,"〇新型コロナウイルス感染症対策にご協力ください。_x000D_
・施設内では、マスク着用の徹底をお願いします。（ただし、未就学児は除く）_x000D_
・施設内各所に手指消毒液、トイレにはハンド　ソープを配置していますので手指消毒や手洗いの徹底をお願いします。_x000D_
・ビッグボブスレーのレバー、ヘルメット、シャトルバス内の消毒やシャトルバスの利用人数制限を行っており、混雑時には、長時間お待ちいただく場合がありますが、皆様のご理解とご協力をお願いします。",観光施設
787,https://niigata-kankou.or.jp/spot/7033,越後桜酒造（株）／「大吟醸 越後桜」,https://niigata-kankou.or.jp/image/rendering/attraction_image/144873/trim.900/3/2?v=8c6dfe4c6a6847f8f6bad848f48506b5b9b99209,37.840652,139.214898,新潟・阿賀エリア,"酒蔵見学,地酒・地ビール・ワイン,体験",情報なし,情報なし,情報がありません,情報がありません,情報がありません,酒蔵見学
789,https://niigata-kankou.or.jp/spot/11625,ゑしんの里やすらぎ荘,https://niigata-kankou.or.jp/image/rendering/attraction_image/142658/trim.900/3/2?v=85811428e914cbab51a6f2dbdc831fb38feec762,37.00960903,138.3204996,妙高・上越・糸魚川エリア,"温泉宿泊施設,日帰り温泉,温泉・サウナ",ユニバーサルデザイン情報有,情報なし,情報がありません,情報がありません,,温泉・サウナ
799,https://niigata-kankou.or.jp/spot/7035,白龍酒造（株）／「白龍」,https://niigata-kankou.or.jp/image/rendering/attraction_image/22772/trim.900/3/2?v=0917cd51737d0ea1e6e16ab0a2854fdfa4e48230,37.835183,139.222709,新潟・阿賀エリア,"地酒・地ビール・ワイン,酒蔵見学,おみやげ",情報なし,情報なし,情報がありません,情報がありません,※酒蔵見学は受け付けておりません。,酒蔵見学
807,https://niigata-kankou.or.jp/spot/11620,鵜の浜温泉,https://niigata-kankou.or.jp/image/rendering/attraction_image/120818/trim.900/3/2?v=cd6998b93ada64952aafdba0867016e5a3742d70,37.24128716,138.3392254,妙高・上越・糸魚川エリア,温泉地,情報なし,情報なし,情報がありません,情報がありません,"●泉質：ナトリウム塩化物泉（弱アルカリ性高張性低温泉）
●効能：神経痛、筋肉痛、関節痛、打ち身
●泉温：41度",温泉・サウナ
830,https://niigata-kankou.or.jp/spot/11330,華報寺共同浴場,https://niigata-kankou.or.jp/image/rendering/attraction_image/22175/trim.900/3/2?v=4aca26aa79b52bc4c40cabf443549bee9c77c04c,37.818056,139.301448,新潟・阿賀エリア,温泉・サウナ,ユニバーサルデザイン情報有,情報なし,情報がありません,情報がありません,"●泉質：アルカリ性単純温泉
●効能：アトピー皮膚炎、疲労回復など

【日帰り入浴料金】
●大人：200円
●小人(小学生)：100円
●幼児：50円",温泉・サウナ
831,https://niigata-kankou.or.jp/spot/10068,越後姫【いちご】,https://niigata-kankou.or.jp/image/rendering/attraction_image/19515/trim.900/3/2?v=5550152073bb09b7196415138928f116beeaea4c,37.9134166,138.2501204,新潟・阿賀エリア,"フルーツ・野菜収穫,おみやげ,スイーツ",情報なし,いちご狩り,情報がありません,情報がありません,情報がありません,フルーツ・野菜収穫
834,https://niigata-kankou.or.jp/spot/7039,麒麟山酒造（株）／「麒麟山」,https://niigata-kankou.or.jp/image/rendering/attraction_image/13940/trim.900/3/2?v=1edc6c1b944a00631593166247dea35b022de02f,37.68057,139.460326,新潟・阿賀エリア,"地酒・地ビール・ワイン,酒蔵見学",情報なし,情報なし,情報がありません,情報がありません,情報がありません,酒蔵見学
840,https://niigata-kankou.or.jp/spot/14586,まるごと貸切スキー場,https://niigata-kankou.or.jp/image/rendering/attraction_image/18234/trim.900/3/2?v=77cac3fdbb78fc2fab8c68d41848c402484afa80,37.23484,138.9914,湯沢・魚沼エリア,"遊ぶ, スキー・スノーアクティビティ, アウトドア・スポーツ","夫婦, 女性, ファミリー",情報なし,情報がありません,2022年1月～3月,※貸切の条件等ご確認お願いします。,スキー・スノーアクティビティ
842,https://niigata-kankou.or.jp/spot/10720,長岡市営スキー場,https://niigata-kankou.or.jp/image/rendering/attraction_image/153452/trim.900/3/2?v=496b0a84318db142f6f12fe0fa000436188808bd,37.41528180127801,138.89126312963867,長岡・柏崎エリア,"アウトドア・スポーツ, スキー・スノーアクティビティ",情報なし,情報なし,情報がありません,"2023年12月29日（金曜日） オープン予定_x000D_
2024年3月3日（日曜日）クローズ予定",情報がありません,スキー・スノーアクティビティ
843,https://niigata-kankou.or.jp/spot/10678,糸魚川シーサイドバレースキー場,https://niigata-kankou.or.jp/image/rendering/attraction_image/3310/trim.900/3/2?v=e1f4b10e7940696deee540681cd2ea9d1d333b47,36.93671002,137.8937688,妙高・上越・糸魚川エリア,スキー・スノーアクティビティ,情報なし,情報なし,情報がありません,"2023年12月15日（金曜日） オープン予定_x000D_
2024年3月20日（水曜日）クローズ予定",情報がありません,スキー・スノーアクティビティ
857,https://niigata-kankou.or.jp/spot/7056,柏露酒造（株）,https://niigata-kankou.or.jp/image/rendering/attraction_image/153644/trim.900/3/2?v=c3d833151da73d5caf871475b7a833009b2675d4,37.38923037816741,138.83362283068848,長岡・柏崎エリア,"地酒・地ビール・ワイン,おみやげ,体験,酒蔵見学",情報なし,情報なし,情報がありません,情報がありません,情報がありません,酒蔵見学
859,https://niigata-kankou.or.jp/spot/11374,AQUARE アクアーレ長岡,https://niigata-kankou.or.jp/image/rendering/attraction_image/153426/trim.900/3/2?v=8fb7565573e00d2fa79f34b7b37d2650ee87c3ac,37.42924,138.753076,長岡・柏崎エリア,"温泉・サウナ,温泉宿泊施設,スポーツ","カード対応可, ユニバーサルデザイン情報有",情報なし,情報がありません,情報がありません,情報がありません,温泉・サウナ
873,https://niigata-kankou.or.jp/spot/41889,シティホールプラザ　アオーレ長岡(長岡市役所),https://niigata-kankou.or.jp/image/rendering/attraction_image/151526/trim.900/3/2?v=924d7923a602b06e545906cc6a4b224e617ab8c4,37.4465761,138.85124799999994,長岡・柏崎エリア,観光施設,"おむつ交換場所有, 授乳室有, ユニバーサルデザイン情報有, 夫婦, 女性, ファミリー",情報なし,情報がありません,情報がありません,屋根付き広場「ナカドマ」を中心に、アリーナ、市民交流スペース、行政機能、議会などの機能が一体となった複合型公共施設です。,観光施設
878,https://niigata-kankou.or.jp/spot/8499,【金谷山スキー場】金谷山公園,https://niigata-kankou.or.jp/image/rendering/attraction_image/143087/trim.900/3/2?v=9cae0d0ecd586d89d63696a1ee1f74c81a60b392,37.10420475033001,138.2252497234955,妙高・上越・糸魚川エリア,"スキー・スノーアクティビティ,自然・景観",情報なし,"スキー場, グリーンシーズン",情報がありません,情報がありません,"●ボブスレーは3歳から利用できます（未就学児は15歳以上の保護者の同乗が必要です）_x000D_
●リフトは小学生から利用できます（未就学児は利用できません）",スキー・スノーアクティビティ
898,https://niigata-kankou.or.jp/spot/11392,上の原高原温泉,https://niigata-kankou.or.jp/image/rendering/attraction_image/3588/trim.900/3/2?v=942e3da847740d6e603c942d96824fdb2a8ba9ba,37.069421,138.848718,湯沢・魚沼エリア,温泉地,情報なし,情報なし,情報がありません,情報がありません,"●泉質：ナトリウム-塩化物温泉(低張性弱アルカリ性高温泉)_x000D_
●適応症：きりきず、末梢循環障害、冷え症　ほか_x000D_
●泉温：47～48度",温泉・サウナ
930,https://niigata-kankou.or.jp/spot/11400,丸山温泉,https://niigata-kankou.or.jp/image/rendering/attraction_image/3596/trim.900/3/2?v=bd2f71e81952c80b1622ef0c84be6d96afda31b3,36.98479133,138.8021903,湯沢・魚沼エリア,"温泉地, 温泉宿泊施設",情報なし,情報なし,情報がありません,情報がありません,"●泉質：ナトリウム-塩化物泉(低張性弱アルカリ性低温泉)_x000D_
●適応症：きりきず、末梢循環障害、冷え性 ほか_x000D_
●泉温：28度",温泉・サウナ
949,https://niigata-kankou.or.jp/spot/7030,塩川酒造（株）／「越の関」,https://niigata-kankou.or.jp/image/rendering/attraction_image/61069/trim.900/3/2?v=fa7fe9939d5ee97732d0fdd904fefeac7ea06e89,37.859985,138.940326,新潟・阿賀エリア,"地酒・地ビール・ワイン,酒蔵見学,おみやげ",情報なし,情報なし,情報がありません,情報がありません,情報がありません,酒蔵見学
968,https://niigata-kankou.or.jp/spot/7093,上越酒造（株）／「越後美人」,https://niigata-kankou.or.jp/image/rendering/attraction_image/1921/trim.900/3/2?v=8c4f95cc523f9a7ba21bf69f83526a1d3e6a9c85,37.098089,138.335332,妙高・上越・糸魚川エリア,"地酒・地ビール・ワイン,酒蔵見学,おみやげ",情報なし,情報なし,情報がありません,情報がありません,情報がありません,酒蔵見学
971,https://niigata-kankou.or.jp/spot/5956,雪国植物園,https://niigata-kankou.or.jp/image/rendering/attraction_image/162116/trim.900/3/2?v=50f2eede60ddd274890f16b03ab0b2fa54b9a46a,37.4657912,138.7425614,長岡・柏崎エリア,"動植物園・水族館, 新潟県の雪割草・開花情報, 新潟県のカタクリ・開花情報, 新潟県のユキツバキ・開花情報, 新潟県のミズバショウ・開花情報, 新潟県の蛍スポット",情報なし,情報なし,"新潟県の雪割草・開花情報の最新状況: 終わり
新潟県の雪割草・開花情報のシーズン: 3月中旬～4月中旬
新潟県のカタクリ・開花情報の最新状況: 終わり
新潟県のカタクリ・開花情報のシーズン: 3月中旬～4月初旬
新潟県のユキツバキ・開花情報の最新状況: 終わり
新潟県のユキツバキ・開花情報のシーズン: 4月上旬～4月下旬
新潟県のミズバショウ・開花情報の最新状況: 終わり
新潟県のミズバショウ・開花情報のシーズン: 3月下旬～4月下旬
新潟県の蛍スポットの最新状況: 終わり
新潟県の蛍スポットのシーズン: 終了",情報がありません,"『恒例イベント、今年も実施します！』_x000D_
●雪割草展示即売会（3月15日～4月2日_x000D_
●春の山野草展示即売会（3月15日～5月31日）_x000D_
●長岡野鳥の会指導による春の探鳥会（5月7日　午前5時～8時※入園無料）_x000D_
●ホタルの夕べ（6月15日～6月30日　19時開園）・・・19時10分～ホタルの生態説明・19時45分～20時15分～ホタルの鑑賞タイム_x000D_
●カブトムシの飼い方教室（7月23日　10時～）※抽選で20名のお子さんに、オス・メスセットのカブトムシを進呈します！_x000D_
●長岡野鳥の会による秋の探鳥会（11月12日　午前8時～10時※入園無料）
_x000D_
『第21回山野草観察会受講生募集』※要予約（30名締切）_x000D_
●期間：毎月第3日曜日※4月～10月までの7回コース_x000D_
●時間：9時～12時_x000D_
●受講料：無料（但し、入園料はかかります）
_x000D_
※もみじの季節は無料開園します！（11月15日～11月30日）",動植物園・水族館
972,https://niigata-kankou.or.jp/spot/10673,関温泉スキー場,https://niigata-kankou.or.jp/image/rendering/attraction_image/8843/trim.900/3/2?v=0f67295bfd2df1c93df3df2837ebfedb8166ae4e,36.90587033,138.1606924,妙高・上越・糸魚川エリア,スキー・スノーアクティビティ,情報なし,情報なし,情報がありません,"2023年12月22日（金曜日） オープン予定_x000D_
2024年5月中旬クローズ予定",情報がありません,スキー・スノーアクティビティ
979,https://niigata-kankou.or.jp/spot/11378,山古志の宿 あまやちの湯,https://niigata-kankou.or.jp/image/rendering/attraction_image/160656/trim.900/3/2?v=07109f464fd6b588549f0502c5e13ae017ccbb4e,37.3584349,138.92371179999998,長岡・柏崎エリア,"温泉・サウナ,温泉宿泊施設,日帰り温泉,キャンプ",情報なし,情報なし,情報がありません,情報がありません,"あまやちの湯より徒歩約5分「四季の里古志」のご紹介_x000D_
・キャンプ場_x000D_
・屋外炊事場_x000D_
・公衆トイレ（キャンプ場）_x000D_
・ログハウス（５棟）
_x000D_
　※上記施設のご利用については「あまやちの湯」にご予約ください。",温泉・サウナ
989,https://niigata-kankou.or.jp/spot/7051,池浦酒造（株）／「和楽互尊」,https://niigata-kankou.or.jp/image/rendering/attraction_image/157843/trim.900/3/2?v=34588d0768fba3a1cf020092b1db453e40c27814,37.5746787,138.7419773,長岡・柏崎エリア,"地酒・地ビール・ワイン,おみやげ,酒蔵見学",情報なし,情報なし,情報がありません,情報がありません,情報がありません,酒蔵見学
996,https://niigata-kankou.or.jp/spot/7060,お福酒造（株）／「お福正宗」,https://niigata-kankou.or.jp/image/rendering/attraction_image/153632/trim.900/3/2?v=fea05cb081f2179c3707bc16899093118d2535fd,37.4031974,138.8518777,長岡・柏崎エリア,"地酒・地ビール・ワイン,おみやげ,酒蔵見学",情報なし,情報なし,情報がありません,情報がありません,情報がありません,酒蔵見学
1008,https://niigata-kankou.or.jp/spot/8477,坂口記念館,https://niigata-kankou.or.jp/image/rendering/attraction_image/149667/trim.900/3/2?v=0373f96748cbc44ac8853d0529f9910bec4a9d4b,37.180477748049064,138.3425050398812,妙高・上越・糸魚川エリア,観光施設,情報なし,情報なし,情報がありません,情報がありません,"令和4年12月5日から令和5年2月9日は、開館日を下記のとおりとします。_x000D_
・酒杜り館：土曜日、日曜日、祝日のみ_x000D_
・楽縫庵：利用の予約があった日のみ",観光施設
1030,https://niigata-kankou.or.jp/spot/43273,あまやちの湯 プライベートサウナ【2023グリーンシーズン】,https://niigata-kankou.or.jp/image/rendering/attraction_image/143746/trim.900/3/2?v=6e7ddbb8ce3d4a85d0760c7877fab730b83a3da8,37.3584349,138.9237118,長岡・柏崎エリア,温泉・サウナ,情報なし,情報なし,情報がありません,情報がありません,"ロシア製３層式テントサウナＭＯＲＺＨ（モルジュ）_x000D_
・テ ン ト ：定員４名（W205ｃｍ×D205cm×H195cm　A＝4.2㎡）_x000D_
・ストーブ：AISI 430スチール ／ 最高温度120℃（R3/6/10実測値）　※参考：115℃（R3/3/7実測値）",温泉・サウナ
1038,https://niigata-kankou.or.jp/spot/11662,大佐渡温泉,https://niigata-kankou.or.jp/image/rendering/attraction_image/23174/trim.900/3/2?v=c7e4780b9daaf3e6d9bfdf55be4e8fd46676ebf7,38.023061,138.225067,佐渡エリア,"温泉地, 温泉宿泊施設",カード対応可,情報なし,情報がありません,情報がありません,"●泉質：ナトリウム塩化物硫酸塩温泉_x000D_
●主な効能：神経痛、筋肉痛、五十肩、冷え症、病後回復期、慢性消化器病_x000D_
●泉温：38.6度",温泉・サウナ
1057,https://niigata-kankou.or.jp/spot/11583,湯沢温泉（えちごせきかわ温泉郷）,https://niigata-kankou.or.jp/image/rendering/attraction_image/104499/trim.900/3/2?v=35b5b5eb08939a5643f60c7c6061f9b6a6124228,38.09570321,139.5770292,村上・新発田エリア,温泉地,情報なし,情報なし,情報がありません,情報がありません,"●泉質：単純温泉…1号井、ナトリウム－塩化物・硫酸塩泉…2号井_x000D_
●主な効能：神経痛、冷え症、皮フ病、筋肉痛、関節痛、五十肩、うちみ_x000D_
●泉温：40～53度",温泉・サウナ
1062,https://niigata-kankou.or.jp/spot/11682,相川温泉,https://niigata-kankou.or.jp/image/rendering/attraction_image/23158/trim.900/3/2?v=a2204280df9a7976a990a9bf0aeca92eba58cc5f,38.029062,138.23925,佐渡エリア,"温泉地, 温泉宿泊施設",情報なし,情報なし,情報がありません,情報がありません,"●泉質：ナトリウム、硫酸塩塩化物温泉_x000D_
●主な効能：神経痛、筋肉痛、疲労回復",温泉・サウナ
1067,https://niigata-kankou.or.jp/spot/44032,親不知交流センター　まるたん坊,https://niigata-kankou.or.jp/image/rendering/attraction_image/130936/trim.900/3/2?v=b96b671b250495eee36435d65954a089bac9dbcf,37.00404721,137.7347423,妙高・上越・糸魚川エリア,温泉・宿・サウナ,情報なし,情報なし,情報がありません,情報がありません,情報がありません,温泉・サウナ
1068,https://niigata-kankou.or.jp/spot/44028,十日町産業文化発信館 いこて,https://niigata-kankou.or.jp/image/rendering/attraction_image/130321/trim.900/3/2?v=b285c8591d80cb03eeffbfb3489b80b370e24de5,37.1357293,138.7613107,湯沢・魚沼エリア,"グルメ・ガストロノミー, 観光施設",情報なし,情報なし,情報がありません,情報がありません,情報がありません,観光施設
1077,https://niigata-kankou.or.jp/spot/11685,川津屋【秋成逆巻温泉】,https://niigata-kankou.or.jp/image/rendering/attraction_image/122380/trim.900/3/2?v=a357bfdad478c577a4ac307e8a5df0cddcdbfe33,36.93345986,138.6527726,湯沢・魚沼エリア,"温泉地, 温泉宿泊施設",情報なし,情報なし,情報がありません,情報がありません,"●泉質：ナトリウム・カルシウム－塩化物硫酸塩温泉_x000D_
●効能：皮膚病、水虫、神経痛、リュウマチ、通風、胃腸病、骨膜炎_x000D_
●泉温：42.1度",温泉・サウナ
1079,https://niigata-kankou.or.jp/spot/6997,リバーサイド津南,https://niigata-kankou.or.jp/image/rendering/attraction_image/122189/trim.900/3/2?v=52d09447fc135b342122e849413e98a31452d90f,37.02320311,138.639326,湯沢・魚沼エリア,"鉄道,温泉・サウナ",情報なし,情報なし,情報がありません,情報がありません,情報がありません,温泉・サウナ
1082,https://niigata-kankou.or.jp/spot/7433,遠藤実記念館・実唱館,https://niigata-kankou.or.jp/image/rendering/attraction_image/119809/trim.900/3/2?v=051a8d184093637dbacfce5786aebbd27068e8ff,37.80689274,138.8395132,新潟・阿賀エリア,観光施設,情報なし,情報なし,情報がありません,情報がありません,料金、営業時間、休館日など詳しくは実唱館ホームページをご覧ください。,観光施設
1084,https://niigata-kankou.or.jp/spot/41312,小千谷豪商の館　西脇邸,https://niigata-kankou.or.jp/image/rendering/attraction_image/118866/trim.900/3/2?v=cf08ae25db409a5f2e05cad11bd6d4baa1d82125,37.309262650134,138.79558211510493,長岡・柏崎エリア,観光施設,情報なし,情報なし,情報がありません,情報がありません,情報がありません,観光施設
1092,https://niigata-kankou.or.jp/spot/11760,銀山平温泉,https://niigata-kankou.or.jp/image/rendering/attraction_image/3697/trim.900/3/2?v=e4afa244eb95419ef256dd9a93af8e347d467094,37.136235,139.159613,湯沢・魚沼エリア,温泉地,情報なし,情報なし,情報がありません,情報がありません,"●泉質：アルカリ性単純温泉●主な効能：神経痛、筋肉痛、関節痛など _x000D_
●泉温：47.6度",温泉・サウナ
1097,https://niigata-kankou.or.jp/spot/11397,栃窪温泉,https://niigata-kankou.or.jp/image/rendering/attraction_image/3590/trim.900/3/2?v=93981bef1571df3ecfbd5080f2f343a13cf0157b,37.052267,138.813857,湯沢・魚沼エリア,温泉地,情報なし,情報なし,情報がありません,情報がありません,"●泉質：中性低張性冷鉱泉_x000D_
●適応症：筋肉痛、神経痛、関節痛　ほか_x000D_
●泉温：13度",温泉・サウナ
1136,https://niigata-kankou.or.jp/spot/11658,小木温泉,https://niigata-kankou.or.jp/image/rendering/attraction_image/23178/trim.900/3/2?v=4e0380919e5d3cd2df1b73c8452d6e0ffb15cbd5,37.820362,138.28562,佐渡エリア,"温泉地, 温泉宿泊施設, 日帰り温泉",情報なし,情報なし,情報がありません,情報がありません,"●泉質：ナトリュウム炭酸水素塩泉_x000D_
●主な効能：リウマチ性疾患、高血圧症、動脈硬化症_x000D_
●泉温：43度",温泉・サウナ
1148,https://niigata-kankou.or.jp/spot/44388,NEST nagaoka（ネスト長岡）,https://niigata-kankou.or.jp/image/rendering/attraction_image/160666/trim.900/3/2?v=3c1fb9c4b2069babc7c69eef91f57a2852a4b765,37.4483804647245,138.84886299999997,長岡・柏崎エリア,観光施設,情報なし,情報なし,情報がありません,情報がありません,"【今後の展開】_x000D_
　長岡市内の４大学１高専の学生の皆さまや、地域の企業の皆さまと当施設で語り合い、実証を重ね、様々なイノベーションを生み出してまいります。",観光施設
1153,https://niigata-kankou.or.jp/spot/43155,体験施設「地炉」,https://niigata-kankou.or.jp/image/rendering/attraction_image/159035/trim.900/3/2?v=0438fc7d7788fdb3bb9f6165144da75e61eeb178,37.0641361,138.5976026,湯沢・魚沼エリア,観光施設,情報なし,情報なし,情報がありません,情報がありません,情報がありません,観光施設
1154,https://niigata-kankou.or.jp/spot/10110,北代ぶどう園（直売のみ）,https://niigata-kankou.or.jp/image/rendering/attraction_image/16068/trim.900/3/2?v=52e72de019d2396be07313f918704e591e30ffa4,37.141982,138.371086,妙高・上越・糸魚川エリア,"おみやげ,市場・産直,フルーツ・野菜収穫",情報なし,"味覚狩り, ぶどう狩り",情報がありません,2023年9月1５日（予定）まで,情報がありません,フルーツ・野菜収穫
1157,https://niigata-kankou.or.jp/spot/11915,三国街道塩沢宿武者人形かざり,https://niigata-kankou.or.jp/image/rendering/attraction_image/4073/trim.900/3/2?v=1fa97f0f27595da71abe6f55e8c376d9e97714d4,37.0411,138.853,湯沢・魚沼エリア,"町並み, 祭り・伝統行事, 見る, アート・文化, 観光施設","夫婦, 女性, ファミリー",情報なし,情報がありません,2023年4月15日（土曜日）～6月5日（月曜日）,●手作りマップ入手先：中島屋,観光施設
1160,https://niigata-kankou.or.jp/spot/15289,新潟ふるさと村 GWフェスティバル,https://niigata-kankou.or.jp/image/rendering/attraction_image/118216/trim.900/3/2?v=d4470c202684b3189e635297bf07822035be176e,37.866349,139.020192,新潟・阿賀エリア,"グルメ・フードフェス, アート・文化, 作る, ショッピング, 観光施設, 花・紅葉・蛍",情報なし,情報なし,情報がありません,2023年4月29日（土曜日・祝）～5月7日（日曜日）,情報がありません,観光施設
1175,https://niigata-kankou.or.jp/spot/7057,高橋酒造（株）／「長陵」,https://niigata-kankou.or.jp/image/rendering/attraction_image/131605/trim.900/3/2?v=e9e92ab0df3341813b8b0cd46d5d008c9100ccf2,37.4554,138.865165,長岡・柏崎エリア,"地酒・地ビール・ワイン,酒蔵見学,おみやげ",情報なし,情報なし,情報がありません,情報がありません,情報がありません,酒蔵見学
1186,https://niigata-kankou.or.jp/spot/7304,胎内自然天文館,https://niigata-kankou.or.jp/image/rendering/attraction_image/2169/trim.900/3/2?v=ac9d4ba9909eb074e7eafb3fa32c3b2329f59e6d,38.02832828,139.5018847,村上・新発田エリア,"絶景・景勝地・天然記念物,観光施設","夫婦, 女性, ファミリー","こども, 自由研究, 夏休み",情報がありません,情報がありません,"バリアフリー対応（ただし観測室を除きます）_x000D_
身障者用トイレ、エレベーター設置_x000D_
おむつ交換台あり（ゴミは各自で処分お願いします）


_x000D_
・建物内で飲食はできません_x000D_
・出たゴミはお持ち帰りください_x000D_
・敷地内は全面禁煙、火気厳禁です_x000D_
・ペットを連れての入館はできません_x000D_
・幼児は無料となります（ただし保護者の同伴が必要です）_x000D_
・売店でのお買い物およびトイレの利用には入館料はかかりません_x000D_
・当日中は何度でも再入館できます。　受付で半券をご提示ください。_x000D_
・団体でのご利用に際しては、20名様未満でもご予約をお願いいたします。_x000D_
・身体障がい者手帳、療育手帳、精神障がい者保健福祉手帳及び胎内市障がい者控除対象者認定書をお持ちの方で_x000D_
　手帳等の提示があった場合は使用料、入館料または入園料が半額になります。_x000D_
　（手帳に第1種、第1種級の記載のある方および胎内市の認定書をお持ちの方については、付き添いの方も1名半額となります。）_x000D_
　その他詳細についてはお問い合わせください。_x000D_
・利用料金の減免措置もございます。詳細はお問い合わせください。",観光施設
1215,https://niigata-kankou.or.jp/spot/44145,樹下美術館,https://niigata-kankou.or.jp/image/rendering/attraction_image/146590/trim.900/3/2?v=f9491e83e948905550da2a57ae8a44d6ea9cc577,37.2062985,138.30841469999996,妙高・上越・糸魚川エリア,"観光施設, 美術館・博物館",情報なし,情報なし,情報がありません,情報がありません,情報がありません,観光施設
1230,https://niigata-kankou.or.jp/spot/44101,直江津D51レールパーク,https://niigata-kankou.or.jp/image/rendering/attraction_image/139584/trim.900/3/2?v=a69be89208e105bf3eeddb0030cd7b42396587e5,37.17118113955563,138.2466344656067,妙高・上越・糸魚川エリア,"歴史・文化, 観光施設",情報なし,情報なし,情報がありません,情報がありません,情報がありません,観光施設
1244,https://niigata-kankou.or.jp/spot/11582,鷹の巣温泉（えちごせきかわ温泉郷）,https://niigata-kankou.or.jp/image/rendering/attraction_image/7826/trim.900/3/2?v=e556b1c00db9f03949ce2f9e29e7679d5e0d86d8,38.07640502,139.5952293,村上・新発田エリア,"温泉・宿・サウナ, 温泉地",カード対応可,"風情ある, ほっこり温泉",情報がありません,情報がありません,"●泉質：ナトリウム塩化物硫酸塩泉_x000D_
●効能：慢性消化器病、神経痛、皮膚病、冷え症、筋肉痛、五十肩、うちみ、くじき、痔病_x000D_
●泉温：53度",温泉・サウナ
1254,https://niigata-kankou.or.jp/spot/7450,水の公園・福島潟遊水館,https://niigata-kankou.or.jp/image/rendering/attraction_image/130138/trim.900/3/2?v=800937619e74e9ef3c40baaaea8a80729ca4694c,37.91443714,139.2402237,新潟・阿賀エリア,"アウトドア・スポーツ,遊び,温泉・サウナ",情報なし,情報なし,情報がありません,情報がありません,情報がありません,温泉・サウナ
1258,https://niigata-kankou.or.jp/spot/43494,ごせん桜アロマ工房,https://niigata-kankou.or.jp/image/rendering/attraction_image/125044/trim.900/3/2?v=53b83da18e9c439d7989ab3e272b596c188e86ea,37.6907567,139.193081,新潟・阿賀エリア,観光施設,情報なし,情報なし,情報がありません,情報がありません,"席数：15席_x000D_
※新型コロナウイルス感染症拡大防止のため、配席数の減少を実施している場合があります。ご了承ください。
_x000D_
12月上旬～3月下旬の間はソフトクリーム、ジェラート、パフェ、サンデーはお休みです。カップの「ごせん桜アイス」は販売しております。",観光施設
1260,https://niigata-kankou.or.jp/spot/11608,折立温泉,https://niigata-kankou.or.jp/image/rendering/attraction_image/122372/trim.900/3/2?v=989e10413ffc462283a5d92b2615d7ccfe06f6f8,37.20620122,139.0620115,湯沢・魚沼エリア,温泉地,情報なし,"温泉, 自然に囲まれた温泉",情報がありません,情報がありません,"●泉質：単純温泉_x000D_
●主な効能：神経痛、リウマチ、動脈硬化症等_x000D_
●泉温：40～42度",温泉・サウナ
1264,https://niigata-kankou.or.jp/spot/7082,津南醸造（株）／「霧の塔」,https://niigata-kankou.or.jp/image/rendering/attraction_image/122202/trim.900/3/2?v=0445e71887f8627ba9daeb2ba52057d8257edeed,36.966742,138.672035,湯沢・魚沼エリア,"地酒・地ビール・ワイン,おみやげ,酒蔵見学",情報なし,情報なし,情報がありません,情報がありません,情報がありません,酒蔵見学
1267,https://niigata-kankou.or.jp/spot/11681,佐渡加茂湖温泉,https://niigata-kankou.or.jp/image/rendering/attraction_image/23168/trim.900/3/2?v=572690b62a61bcb43040f72721387ef0387f2d3b,38.084987,138.431511,佐渡エリア,温泉地,情報なし,情報なし,情報がありません,情報がありません,"●泉質：ナトリウム-炭酸水素塩泉_x000D_
●主な効能：切り傷・やけど・慢性皮膚病",温泉・サウナ
1273,https://niigata-kankou.or.jp/spot/7085,（資）竹田酒造店／「かたふね」,https://niigata-kankou.or.jp/image/rendering/attraction_image/1916/trim.900/3/2?v=bad92a816d4e9178f0837e19f49b140d2780f542,37.219218,138.313258,妙高・上越・糸魚川エリア,"地酒・地ビール・ワイン,おみやげ,酒蔵見学",情報なし,情報なし,情報がありません,情報がありません,情報がありません,酒蔵見学
1277,https://niigata-kankou.or.jp/spot/11390,畔地温泉,https://niigata-kankou.or.jp/image/rendering/attraction_image/3586/trim.900/3/2?v=ffd0b7954592b263fd376b8516d1020a69689761,37.05315791,138.961694,湯沢・魚沼エリア,"温泉地, 温泉宿泊施設",情報なし,情報なし,情報がありません,情報がありません,"●泉質：弱アルカリ単純温泉_x000D_
●適応症：神経症、冷え性　ほか_x000D_
●泉温：26.8度",温泉・サウナ
1317,https://niigata-kankou.or.jp/spot/11656,佐和田温泉,https://niigata-kankou.or.jp/image/rendering/attraction_image/23180/trim.900/3/2?v=2d9059ae75970dfd707556b89b1c2fee1e65b9e9,38.007796,138.297293,佐渡エリア,"温泉地, 温泉宿泊施設",情報なし,情報なし,情報がありません,情報がありません,"●泉質：ナトリウム-炭酸水素塩泉_x000D_
●主な効能：リウマチ、更年期障害、角化症_x000D_
●泉温：21．0度",温泉・サウナ
1336,https://niigata-kankou.or.jp/spot/7092,妙高酒造（株）／「妙高山」,https://niigata-kankou.or.jp/image/rendering/attraction_image/1920/trim.900/3/2?v=0bf78b8135ec69bb41312654ab618151b506dc27,37.100588,138.251127,妙高・上越・糸魚川エリア,"地酒・地ビール・ワイン,おみやげ,酒蔵見学",情報なし,情報なし,情報がありません,情報がありません,情報がありません,酒蔵見学
1337,https://niigata-kankou.or.jp/spot/7090,（株）武蔵野酒造／「スキー正宗」,https://niigata-kankou.or.jp/image/rendering/attraction_image/1918/trim.900/3/2?v=568c755bd8ee014ee04cea7b3ff05cdb852ab697,37.11711,138.249161,妙高・上越・糸魚川エリア,"地酒・地ビール・ワイン,おみやげ,酒蔵見学",情報なし,情報なし,情報がありません,情報がありません,製造期間は10月下旬から3月下旬,酒蔵見学
1340,https://niigata-kankou.or.jp/spot/5520,越後姫（いちご）〔新発田市〕,https://niigata-kankou.or.jp/image/rendering/attraction_image/1438/trim.900/3/2?v=7d3aa3b7afeb578c9345a0ac6a057e7a10177f0d,38.021817,139.318804,村上・新発田エリア,"食,フルーツ・野菜収穫",情報なし,情報なし,情報がありません,情報がありません,情報がありません,フルーツ・野菜収穫
1342,https://niigata-kankou.or.jp/spot/7058,長谷川酒造（株）／「越後雪紅梅」,https://niigata-kankou.or.jp/image/rendering/attraction_image/161993/trim.900/3/2?v=10f3f4f0e2f6fe50b34b60cbabb889128b42f76a,37.41258417441735,138.84502483068846,長岡・柏崎エリア,"地酒・地ビール・ワイン,おみやげ,酒蔵見学",情報なし,情報なし,情報がありません,情報がありません,情報がありません,酒蔵見学
1346,https://niigata-kankou.or.jp/spot/11621,くわどり湯ったり村,https://niigata-kankou.or.jp/image/rendering/attraction_image/153505/trim.900/3/2?v=1677a265c128aa6877f53bcb0a8b752bf851342e,37.0843136,138.13561189999996,妙高・上越・糸魚川エリア,"温泉宿泊施設,温泉・サウナ",ユニバーサルデザイン情報有,情報なし,情報がありません,情報がありません,"●泉質：アルカリ性単純温泉_x000D_
●効能：神経痛、筋肉痛、関節痛、五十肩、冷え症、痔疾など",温泉・サウナ
1372,https://niigata-kankou.or.jp/spot/43695,割烹旅館　日本海,https://niigata-kankou.or.jp/image/rendering/attraction_image/119820/trim.900/3/2?v=d596ed13f0b84f186920aa4bf709a316a67790f5,37.24050327946435,138.33872475029716,妙高・上越・糸魚川エリア,温泉・宿・サウナ,情報なし,情報なし,情報がありません,情報がありません,情報がありません,温泉・サウナ
1386,https://niigata-kankou.or.jp/spot/11631,上越リゾートセンターくるみ家族園,https://niigata-kankou.or.jp/image/rendering/attraction_image/3692/trim.900/3/2?v=cfaf6e4fcff63b52bfa0e696253e46a266a81115,37.16667225,138.3017008,妙高・上越・糸魚川エリア,温泉・サウナ,情報なし,情報なし,情報がありません,情報がありません,情報がありません,温泉・サウナ
1422,https://niigata-kankou.or.jp/spot/11331,出湯共同浴場,https://niigata-kankou.or.jp/image/rendering/attraction_image/22174/trim.900/3/2?v=2de60e140f08413d8a7faa382a6f252dc7a3f01d,37.817844,139.299635,新潟・阿賀エリア,温泉・サウナ,情報なし,情報なし,情報がありません,情報がありません,"●泉質：単純温泉
●効能：神経痛、疲労回復など

【日帰り入浴料金】
●大人：200円
●小人(小学生以下)：100円",温泉・サウナ
1423,https://niigata-kankou.or.jp/spot/5662,ヤクシカ,https://niigata-kankou.or.jp/image/rendering/attraction_image/13499/trim.900/3/2?v=86be27405da261f544ad1cac1d2dc1d6229b9501,37.69369666,139.1895559,新潟・阿賀エリア,"動植物園・水族館,体験",情報なし,情報なし,情報がありません,情報がありません,情報がありません,動植物園・水族館
1439,https://niigata-kankou.or.jp/spot/43715,シティホールプラザ　アオーレ長岡（シアター）,https://niigata-kankou.or.jp/image/rendering/attraction_image/150387/trim.900/3/2?v=0e4ba9fd6e55ab4cb95790e021a836a9a06a1a81,37.4465761,138.85124799999994,長岡・柏崎エリア,"歴史・文化, 観光施設",情報なし,情報なし,情報がありません,情報がありません,情報がありません,観光施設
1452,https://niigata-kankou.or.jp/spot/9910,冬鳥越スキーガーデン（多目的広場）,https://niigata-kankou.or.jp/image/rendering/attraction_image/2912/trim.900/3/2?v=08682d841214b82f1da7de7dde77f05b39bf0261,37.64264506,139.11828,弥彦・燕三条エリア,"史跡・文化財,公園,スキー・スノーアクティビティ",情報なし,情報なし,情報がありません,情報がありません,情報がありません,スキー・スノーアクティビティ
1462,https://niigata-kankou.or.jp/spot/14441,高田世界館,https://niigata-kankou.or.jp/image/rendering/attraction_image/120230/trim.900/3/2?v=80ab7dbfeda0cdb287097c98d6bffdc623230af1,37.117500003507864,138.24488623372952,妙高・上越・糸魚川エリア,"史跡・文化財,観光施設",情報なし,情報なし,情報がありません,情報がありません,●レンタサイクルあり（4台/予約優先）,観光施設
1475,https://niigata-kankou.or.jp/spot/11379,保健福祉総合センター ふれあいの里,https://niigata-kankou.or.jp/image/rendering/attraction_image/91948/trim.900/3/2?v=b333276b6c8be52399371ec9fa07eb75be04c01b,37.53818,138.716469,長岡・柏崎エリア,"日帰り温泉,温泉・サウナ",情報なし,情報なし,情報がありません,情報がありません,情報がありません,温泉・サウナ
1493,https://niigata-kankou.or.jp/spot/10128,劇場「かわら座」（安田温泉やすらぎ）　※営業日等は公式サイトhttp://yasudaonsen.com/でご確認ください。,https://niigata-kankou.or.jp/image/rendering/attraction_image/21357/trim.900/3/2?v=da2edb90cffe2a8419f36dedee6d5531fc9825b7,37.7822243,139.2416703,新潟・阿賀エリア,"遊び,温泉・サウナ,温泉宿泊施設,日帰り温泉,体験",情報なし,情報なし,情報がありません,情報がありません,情報がありません,温泉・サウナ
1495,https://niigata-kankou.or.jp/spot/10067,しらさぎ荘,https://niigata-kankou.or.jp/image/rendering/attraction_image/10167/trim.900/3/2?v=025594d38060b0713cd28eb5d15207562df23268,37.570212,138.949134,弥彦・燕三条エリア,"温泉・サウナ,日帰り温泉",情報なし,情報なし,情報がありません,情報がありません,情報がありません,温泉・サウナ
1530,https://niigata-kankou.or.jp/spot/11373,きんぱちの湯,https://niigata-kankou.or.jp/image/rendering/attraction_image/153431/trim.900/3/2?v=4f3a75a5af6ae6c8bdae476a776d8235b90c895f,37.63327296547624,138.761253390213,長岡・柏崎エリア,"絶景・景勝地・天然記念物,温泉・サウナ",情報なし,情報なし,情報がありません,情報がありません,佐渡海洋深層水,温泉・サウナ
1539,https://niigata-kankou.or.jp/spot/8478,日本スキー発祥記念館,https://niigata-kankou.or.jp/image/rendering/attraction_image/147299/trim.900/3/2?v=de89b2e9e73227efb175965dd492b2eecc5c1cbc,37.104225,138.22608860000003,妙高・上越・糸魚川エリア,スキー・スノーアクティビティ,情報なし,情報なし,情報がありません,情報がありません,情報がありません,スキー・スノーアクティビティ
1546,https://niigata-kankou.or.jp/spot/43222,多宝温泉　だいろの湯,https://niigata-kankou.or.jp/image/rendering/attraction_image/84886/trim.900/3/2?v=4003f94dfe255b23a2f9ff74bf64e2f07575dc41,37.7279759,138.8369529,新潟・阿賀エリア,観光施設,"夫婦, 女性, ファミリー",情報なし,情報がありません,情報がありません,情報がありません,観光施設
1551,https://niigata-kankou.or.jp/spot/8466,スカイトピア遊ランド,https://niigata-kankou.or.jp/image/rendering/attraction_image/137579/trim.900/3/2?v=8c93093cf4c74a495d93d79978221889aff1e839,37.20817948195902,138.48602791536155,妙高・上越・糸魚川エリア,"体験,自然体験,スポーツ,アウトドア・スポーツ,遊び,温泉・サウナ",情報なし,情報なし,情報がありません,情報がありません,情報がありません,温泉・サウナ
1556,https://niigata-kankou.or.jp/spot/15499,おぢゃ～る（市民の家・小千谷信濃川水力発電館）,https://niigata-kankou.or.jp/image/rendering/attraction_image/13361/trim.900/3/2?v=47e58f6c18c7389a8cbebbddd67c1cd0de4c4658,37.28963,138.812667,長岡・柏崎エリア,"アウトドア・スポーツ, キャンプ, スキー・スノーアクティビティ","夫婦, 女性, ファミリー",情報なし,情報がありません,情報がありません,"全館フリーWi-Fi使用可_x000D_
カップ麺、菓子等軽食自販機あり_x000D_
宿泊者用アルコール販売あり_x000D_
※キャンプでのご利用にも市民の家使用許可申請書のご提出が必要です。",スキー・スノーアクティビティ
1557,https://niigata-kankou.or.jp/spot/44036,ゆきだるま温泉 久比岐野,https://niigata-kankou.or.jp/image/rendering/attraction_image/131158/trim.900/3/2?v=e3cd18ada6cbcbc5971adb7027f0ca1370ca1719,37.05502854961855,138.4848027516983,妙高・上越・糸魚川エリア,温泉・宿・サウナ,情報なし,情報なし,情報がありません,情報がありません,情報がありません,温泉・サウナ
1593,https://niigata-kankou.or.jp/spot/11352,下条コミュニティーセンター,https://niigata-kankou.or.jp/image/rendering/attraction_image/82753/trim.900/3/2?v=ebc5584ddc4da9f72636be5fbe9ec325d08f91b2,37.653111,139.042411,弥彦・燕三条エリア,観光施設,情報なし,情報なし,情報がありません,情報がありません,情報がありません,観光施設
1594,https://niigata-kankou.or.jp/spot/11353,須田コミュニティーセンター,https://niigata-kankou.or.jp/image/rendering/attraction_image/82751/trim.900/3/2?v=b94e3062af6617bda56f06db7b9e4d3a32d7d90e,37.361681,139.182175,弥彦・燕三条エリア,温泉・サウナ,情報なし,情報なし,情報がありません,情報がありません,情報がありません,温泉・サウナ
1606,https://niigata-kankou.or.jp/spot/42599,佐州おーやり館（相川観光交流センター）,https://niigata-kankou.or.jp/image/rendering/attraction_image/65201/trim.900/3/2?v=31062500f899eb9eb6f6871487a082adfb643e26,38.0332247,138.2410195,佐渡エリア,観光施設,情報なし,情報なし,情報がありません,情報がありません,宿泊者は学生証など学校関係者であることを証明できるものをお持ちください。,観光施設
1628,https://niigata-kankou.or.jp/spot/11652,羽茂温泉,https://niigata-kankou.or.jp/image/rendering/attraction_image/23182/trim.900/3/2?v=294c86434c6c8d00d36fe24d02a0cfaabaf2db5e,37.860235,138.329608,佐渡エリア,温泉地,情報なし,情報なし,情報がありません,情報がありません,"●泉質：低張性アルカリ性単純温泉_x000D_
●主な効能：神経痛、筋肉痛、関節痛_x000D_
●泉温：34度",温泉・サウナ
1643,https://niigata-kankou.or.jp/spot/11684,住吉温泉,https://niigata-kankou.or.jp/image/rendering/attraction_image/23148/trim.900/3/2?v=8eca67d7097c23a9fc8028591063faf54aed6a0f,38.067538,138.459942,佐渡エリア,温泉地,情報なし,情報なし,情報がありません,情報がありません,"●泉質：ナトリウム塩化物温泉_x000D_
●主な効能：神経痛・筋肉痛・関節痛・五十肩・運動麻痺・関節のこわばり・打ち身・くじき・冷え性・疲労回復・切り傷・やけど・慢性皮膚病・虚弱児童・婦人病等_x000D_
●泉温：47.0℃",温泉・サウナ
1666,https://niigata-kankou.or.jp/spot/11594,田ノ浦温泉,https://niigata-kankou.or.jp/image/rendering/attraction_image/3643/trim.900/3/2?v=3200533f88481b1a9163e37fb96b66ce629e9059,37.72220842,138.7893162,新潟・阿賀エリア,温泉地,情報なし,情報なし,情報がありません,情報がありません,"●泉質：ナトリウム-塩化物泉(低張性アルカリ性冷鉱泉)
●効能：神経痛、筋肉痛、関節痛、五十肩、運動麻痺、疲労回復
●泉温：22.2度",温泉・サウナ
1730,https://niigata-kankou.or.jp/spot/44195,平和記念公園・展示館,https://niigata-kankou.or.jp/image/rendering/attraction_image/146711/trim.900/3/2?v=934821d42addfde8af059fbe94945986b3dc9ddc,37.17824640680339,138.25010152275388,妙高・上越・糸魚川エリア,観光施設,情報なし,情報なし,情報がありません,情報がありません,情報がありません,観光施設
1738,https://niigata-kankou.or.jp/spot/44110,【当面の間休止中】松ヶ峯温泉 ひばり荘,https://image.jimcdn.com/app/cms/image/transf/dimension=1920x10000:format=jpg/path/sd1932b208db30fa8/image/ic25dd6583312517b/version/1526020610/image.jpg,36.947354651422394,138.21405580978694,妙高・上越・糸魚川エリア,温泉・宿・サウナ,情報なし,情報なし,情報がありません,情報がありません,情報がありません,温泉・サウナ
1743,https://niigata-kankou.or.jp/spot/11580,雲母温泉（えちごせきかわ温泉郷）,https://niigata-kankou.or.jp/image/rendering/attraction_image/122363/trim.900/3/2?v=0fc3f1abe5b7d579d14a6742eaa87246d1eb94c1,38.08430862,139.5756264,村上・新発田エリア,温泉地,カード対応可,情報なし,情報がありません,情報がありません,"●泉質：ナトリウム－塩化物・硫酸塩泉_x000D_
●効能：神経痛、リウマチ、婦人病、胃腸病、創傷、通風、湿疹、皮膚病_x000D_
●泉温：62度",温泉・サウナ
1746,https://niigata-kankou.or.jp/spot/7391,阿賀野市五頭薬用植物園,https://niigata-kankou.or.jp/image/rendering/attraction_image/22214/trim.900/3/2?v=775432a2235f8418a65c66a679bd012b000129d5,37.82294475,139.3084228,新潟・阿賀エリア,"動植物園・水族館,自然体験",情報なし,情報なし,情報がありません,情報がありません,"●薬用植物園園開き・薬草観察会（6月）
●きのこの勉強会（10月）",動植物園・水族館
1759,https://niigata-kankou.or.jp/spot/11413,湯元共同浴場 「山の湯」,https://niigata-kankou.or.jp/image/rendering/attraction_image/129588/trim.900/3/2?v=0e1e177980e8e9431c1084abac0d02b227b69222,36.94649095959068,138.79872950526018,湯沢・魚沼エリア,"温泉・サウナ,日帰り温泉",情報なし,情報なし,情報がありません,情報がありません,【泉質】単純硫黄温泉,温泉・サウナ
1760,https://niigata-kankou.or.jp/spot/11412,三俣共同浴場 「街道の湯」,https://niigata-kankou.or.jp/image/rendering/attraction_image/129587/trim.900/3/2?v=dd648e27ad008f6568635a4d26ad508e8cfc2b33,36.900819980933164,138.77711839896835,湯沢・魚沼エリア,"温泉・サウナ,日帰り温泉",ユニバーサルデザイン情報有,情報なし,情報がありません,情報がありません,【泉質】アルカリ性単純温泉,温泉・サウナ
1761,https://niigata-kankou.or.jp/spot/11411,二居共同浴場 「宿場の湯」,https://niigata-kankou.or.jp/image/rendering/attraction_image/129585/trim.900/3/2?v=2564791f71a08423b5cfe1327447f23b85a4fd64,36.84344276278176,138.7789489762962,湯沢・魚沼エリア,"温泉・サウナ,日帰り温泉",ユニバーサルデザイン情報有,情報なし,情報がありません,情報がありません,【泉質】単純温泉,温泉・サウナ
1762,https://niigata-kankou.or.jp/spot/11410,土樽共同浴場 「岩の湯」,https://niigata-kankou.or.jp/image/rendering/attraction_image/129589/trim.900/3/2?v=14f0da89119e41546206076cb761bd1fda99e502,36.91685371705195,138.83800398912723,湯沢・魚沼エリア,"温泉・サウナ,日帰り温泉",ユニバーサルデザイン情報有,情報なし,情報がありません,情報がありません,【泉質】アルカリ性単純温泉,温泉・サウナ
1763,https://niigata-kankou.or.jp/spot/11409,下湯沢共同浴場 「駒子の湯」,https://niigata-kankou.or.jp/image/rendering/attraction_image/129586/trim.900/3/2?v=38a8d4763286fa0e95fb28c80af0d117effaa543,36.94373177352575,138.80472313967377,湯沢・魚沼エリア,"温泉・サウナ,日帰り温泉",情報なし,情報なし,情報がありません,情報がありません,【泉質】ナトリウム・カルシウム塩化物温泉,温泉・サウナ
1765,https://niigata-kankou.or.jp/spot/11406,江神温泉浴場,https://niigata-kankou.or.jp/image/rendering/attraction_image/129610/trim.900/3/2?v=00e33afee1f9895a7bdca812aac4c30dfe7b662e,36.93706236948112,138.81148048084341,湯沢・魚沼エリア,"温泉・サウナ,日帰り温泉",ユニバーサルデザイン情報有,情報なし,情報がありません,情報がありません,【泉質】単純温泉（低張性弱アルカリ性温泉）,温泉・サウナ
1785,https://niigata-kankou.or.jp/spot/42689,相川温泉 いさりびの宿 道遊,https://niigata-kankou.or.jp/image/rendering/attraction_image/122035/trim.900/3/2?v=bc817085c8984d39e8ccc1fbdae79cdf3caff62e,38.0199175,138.22519899999998,情報なし,温泉・宿・サウナ,情報なし,相川温泉,情報がありません,情報がありません,他路線バスからのアクセス：本線・海府線、「相川」バス停から徒歩約20分。佐渡産品提供店（サドメシラン）認定店,温泉・サウナ
1787,https://niigata-kankou.or.jp/spot/5622,青山水道遊園,https://niigata-kankou.or.jp/image/rendering/attraction_image/121990/trim.900/3/2?v=662be829cca429d16e28f9f6c2c31f09b646ab7c,37.89156144,138.9971892,新潟・阿賀エリア,"動植物園・水族館,川・滝・湖",情報なし,情報なし,情報がありません,情報がありません,情報がありません,動植物園・水族館
1792,https://niigata-kankou.or.jp/spot/5552,新潟市南区の果樹園【桃の花の名所】,https://niigata-kankou.or.jp/image/rendering/attraction_image/121804/trim.900/3/2?v=4772c0631dc6f335ded5080c8257857d512b0303,37.718862,139.000214,新潟・阿賀エリア,"フルーツ・野菜収穫,新潟県の桜・お花見ガイド",情報なし,情報なし,情報がありません,情報がありません,情報がありません,フルーツ・野菜収穫
1793,https://niigata-kankou.or.jp/spot/5551,新潟市南区の果樹園【梨の花の名所】,https://niigata-kankou.or.jp/image/rendering/attraction_image/121803/trim.900/3/2?v=2700ba4985e07629265158807617f5ec507a8955,37.815582,139.059985,新潟・阿賀エリア,"フルーツ・野菜収穫,新潟県の桜・お花見ガイド,花・木",情報なし,情報なし,情報がありません,情報がありません,情報がありません,フルーツ・野菜収穫
1794,https://niigata-kankou.or.jp/spot/5545,月潟の類産ナシ,https://niigata-kankou.or.jp/image/rendering/attraction_image/121802/trim.900/3/2?v=f2e8a448e0fa0afa09099fdb17165102d4e6e169,37.720848,138.992629,新潟・阿賀エリア,"フルーツ・野菜収穫,絶景・景勝地・天然記念物,おみやげ",情報なし,情報なし,情報がありません,情報がありません,"国指定天然記念物
（昭和16年11月13日指定）",フルーツ・野菜収穫
1810,https://niigata-kankou.or.jp/spot/13543,南魚沼温泉郷,https://niigata-kankou.or.jp/image/rendering/attraction_image/4300/trim.900/3/2?v=254f28cba9a1694f80dd50d2fd29e9e270bbb7e1,37.06251401,138.883702,湯沢・魚沼エリア,温泉・宿・サウナ,"夫婦, 女性",情報なし,情報がありません,通年,情報がありません,温泉・サウナ
1832,https://niigata-kankou.or.jp/spot/11354,中央コミュニティーセンター,https://niigata-kankou.or.jp/image/rendering/attraction_image/82748/trim.900/3/2?v=44b2f79e3edd14b2344a60f7bd215ebb85b389f1,37.6578,139.05962,弥彦・燕三条エリア,温泉・サウナ,情報なし,情報なし,情報がありません,情報がありません,情報がありません,温泉・サウナ
1833,https://niigata-kankou.or.jp/spot/11351,七谷コミュニティーセンター,https://niigata-kankou.or.jp/image/rendering/attraction_image/82756/trim.900/3/2?v=6a37018989297317b01715566dd2845e43a737aa,37.619976,139.103179,弥彦・燕三条エリア,温泉・サウナ,情報なし,情報なし,情報がありません,情報がありません,情報がありません,温泉・サウナ
1843,https://niigata-kankou.or.jp/spot/43392,牧ふるさと村 自然と憩の森,https://niigata-kankou.or.jp/image/rendering/attraction_image/93377/trim.900/3/2?v=2db997a5bbbecce1ea8c9935d90bf5cdd90101a2,37.0920786536732,138.37076966564143,妙高・上越・糸魚川エリア,観光施設,情報なし,情報なし,情報がありません,情報がありません,情報がありません,観光施設
1845,https://niigata-kankou.or.jp/spot/43322,東桂苑オフィス,https://niigata-kankou.or.jp/image/rendering/attraction_image/89877/trim.900/3/2?v=c6318112770e210200341fbfc32ed2ee98926f1f,38.0905171,139.5664702,村上・新発田エリア,観光施設,情報なし,情報なし,情報がありません,情報がありません,情報がありません,観光施設
1852,https://niigata-kankou.or.jp/spot/42532,幸丸展示館,https://niigata-kankou.or.jp/image/rendering/attraction_image/64870/trim.900/3/2?v=6d6eedf9abd82a2ccadaafaf6c2fc59d6d75297a,37.8146192,138.27895290000004,佐渡エリア,観光施設,情報なし,情報なし,情報がありません,情報がありません,情報がありません,観光施設
1857,https://niigata-kankou.or.jp/spot/7072,（株）松乃井酒造場／「松乃井」,https://niigata-kankou.or.jp/image/rendering/attraction_image/1909/trim.900/3/2?v=906980915ddd90aa659df2834646174eeacb899f,37.176595,138.747912,湯沢・魚沼エリア,"地酒・地ビール・ワイン,おみやげ,酒蔵見学",情報なし,情報なし,情報がありません,情報がありません,情報がありません,酒蔵見学
1937,https://niigata-kankou.or.jp/spot/11632,スカイトピア遊ランド 体験交流センター,https://niigata-kankou.or.jp/image/rendering/attraction_image/36311/trim.900/3/2?v=ce07546b91feadde03c832cf409b7179f7a4af3b,37.2083245,138.486264,妙高・上越・糸魚川エリア,"日帰り温泉,温泉・サウナ",情報なし,情報なし,情報がありません,情報がありません,情報がありません,温泉・サウナ
1972,https://niigata-kankou.or.jp/spot/7200,ゴールドパーク鳴海（鳴海金山）,https://niigata-kankou.or.jp/image/rendering/attraction_image/2053/trim.900/3/2?v=4c348da25a3454399d8aeb1d459e5eec210be7f0,38.37598636,139.6950609,村上・新発田エリア,"観光施設, 歴史・文化, 遊ぶ",情報なし,情報なし,情報がありません,情報がありません,"●ゴールドパーク鳴海までの道程（朝日スーパーライン または 高根集落～林道平床線）は、道路状況により閉鎖・通行止めになる場合があります。お出掛けになる前に、朝日支所 産業建設課 または ホームページ等でご確認ください。_x000D_
●受付から金山までは15～20分程度、山道を歩きます。 ヒール等の歩きにくい靴での来場はご遠慮ください。※坑道内は水たまりの個所もあります",観光施設